Bug,Releases Slept,Project
COCOON-2250,2,COCOON
COCOON-2104,2,COCOON
COCOON-1511,1,COCOON
COCOON-1688,48,COCOON
COCOON-2022,1,COCOON
COCOON-2021,1,COCOON
COCOON-2169,50,COCOON
COCOON-2144,48,COCOON
COCOON-1681,1,COCOON
COCOON-1786,0,COCOON
COCOON-1785,0,COCOON
COCOON-2077,48,COCOON
COCOON-1247,4,COCOON
COCOON-1266,4,COCOON
COCOON-1878,28,COCOON
COCOON-1927,1,COCOON
COCOON-2093,0,COCOON
COCOON-1778,0,COCOON
COCOON-1734,0,COCOON
COCOON-1818,27,COCOON
COCOON-1192,1,COCOON
COCOON-2164,2,COCOON
COCOON-2259,3,COCOON
COCOON-2302,57,COCOON
COCOON-1985,48,COCOON
COCOON-22,67,COCOON
COCOON-1685,1,COCOON
COCOON-1976,47,COCOON
COCOON-1365,1,COCOON
COCOON-1731,0,COCOON
COCOON-1695,0,COCOON
COCOON-1694,1,COCOON
COCOON-2035,2,COCOON
COCOON-1796,0,COCOON
COCOON-1335,3,COCOON
COCOON-1799,26,COCOON
COCOON-1916,45,COCOON
COCOON-1883,26,COCOON
COCOON-1868,1,COCOON
COCOON-1887,50,COCOON
COCOON-1866,26,COCOON
COCOON-1936,28,COCOON
COCOON-1869,26,COCOON
COCOON-1861,1,COCOON
COCOON-1840,1,COCOON
COCOON-1815,28,COCOON
COCOON-1558,0,COCOON
COCOON-1977,45,COCOON
COCOON-2041,2,COCOON
COCOON-1625,2,COCOON
COCOON-1627,1,COCOON
COCOON-1804,1,COCOON
COCOON-1621,0,COCOON
COCOON-1622,50,COCOON
IVY-272,2,IVY
IVY-1253,10,IVY
IVY-89,0,IVY
IVY-1096,0,IVY
IVY-1465,0,IVY
IVY-1152,2,IVY
IVY-1478,0,IVY
IVY-652,2,IVY
IVY-656,0,IVY
IVY-974,0,IVY
IVY-1309,1,IVY
IVY-579,2,IVY
IVY-1301,9,IVY
IVY-1300,0,IVY
IVY-1475,0,IVY
IVY-982,0,IVY
IVY-1227,0,IVY
IVY-1229,4,IVY
IVY-471,0,IVY
IVY-779,0,IVY
IVY-537,2,IVY
IVY-864,2,IVY
IVY-861,2,IVY
IVY-1355,3,IVY
IVY-1336,4,IVY
IVY-682,1,IVY
IVY-1233,0,IVY
IVY-992,0,IVY
IVY-501,2,IVY
IVY-1234,0,IVY
IVY-1036,5,IVY
IVY-465,2,IVY
IVY-1404,1,IVY
IVY-1131,0,IVY
IVY-1133,0,IVY
IVY-678,2,IVY
IVY-1482,0,IVY
IVY-1483,1,IVY
IVY-1321,4,IVY
IVY-1320,0,IVY
IVY-595,2,IVY
IVY-592,2,IVY
IVY-1206,0,IVY
IVY-696,0,IVY
IVY-755,1,IVY
IVY-752,0,IVY
IVY-751,0,IVY
IVY-514,0,IVY
IVY-297,2,IVY
IVY-1120,0,IVY
IVY-1282,4,IVY
IVY-1128,0,IVY
IVY-1498,15,IVY
IVY-681,0,IVY
IVY-105,2,IVY
IVY-1495,0,IVY
IVY-440,2,IVY
IVY-1213,0,IVY
IVY-1212,0,IVY
IVY-1457,0,IVY
IVY-1118,0,IVY
IVY-1123,8,IVY
IVY-1356,0,IVY
IVY-1357,0,IVY
IVY-1111,0,IVY
IVY-726,1,IVY
IVY-1424,13,IVY
IVY-1058,0,IVY
IVY-1423,13,IVY
IVY-1420,1,IVY
IVY-1052,4,IVY
IVY-639,0,IVY
IVY-633,2,IVY
IVY-637,1,IVY
IVY-708,0,IVY
IVY-437,2,IVY
IVY-731,2,IVY
IVY-736,6,IVY
IVY-1102,7,IVY
IVY-1069,0,IVY
IVY-743,0,IVY
IVY-1060,5,IVY
IVY-232,2,IVY
IVY-825,2,IVY
IVY-1272,0,IVY
IVY-1376,0,IVY
IVY-1448,1,IVY
IVY-1444,1,IVY
IVY-541,2,IVY
IVY-1378,0,IVY
IVY-814,0,IVY
IVY-816,0,IVY
IVY-1526,12,IVY
IVY-389,1,IVY
IVY-956,4,IVY
IVY-578,2,IVY
IVY-716,2,IVY
IVY-717,1,IVY
IVY-1362,0,IVY
IVY-1083,0,IVY
IVY-886,0,IVY
IVY-884,0,IVY
IVY-1006,0,IVY
IVY-1165,0,IVY
IVY-968,3,IVY
IVY-787,2,IVY
IVY-780,0,IVY
OPENMEETINGS-1952,11,OPENMEETINGS
OPENMEETINGS-1890,0,OPENMEETINGS
OPENMEETINGS-1457,2,OPENMEETINGS
OPENMEETINGS-1693,2,OPENMEETINGS
OPENMEETINGS-1350,2,OPENMEETINGS
OPENMEETINGS-1665,0,OPENMEETINGS
OPENMEETINGS-1664,0,OPENMEETINGS
OPENMEETINGS-1666,0,OPENMEETINGS
OPENMEETINGS-508,3,OPENMEETINGS
OPENMEETINGS-1660,0,OPENMEETINGS
OPENMEETINGS-1668,0,OPENMEETINGS
OPENMEETINGS-1836,0,OPENMEETINGS
OPENMEETINGS-1837,0,OPENMEETINGS
OPENMEETINGS-1946,6,OPENMEETINGS
OPENMEETINGS-1949,3,OPENMEETINGS
OPENMEETINGS-1466,0,OPENMEETINGS
OPENMEETINGS-1348,1,OPENMEETINGS
OPENMEETINGS-1344,0,OPENMEETINGS
OPENMEETINGS-1342,0,OPENMEETINGS
OPENMEETINGS-1468,0,OPENMEETINGS
OPENMEETINGS-1377,0,OPENMEETINGS
OPENMEETINGS-1779,0,OPENMEETINGS
OPENMEETINGS-1776,0,OPENMEETINGS
OPENMEETINGS-1379,2,OPENMEETINGS
OPENMEETINGS-1773,0,OPENMEETINGS
OPENMEETINGS-1677,5,OPENMEETINGS
OPENMEETINGS-1841,0,OPENMEETINGS
OPENMEETINGS-1840,0,OPENMEETINGS
OPENMEETINGS-1472,1,OPENMEETINGS
OPENMEETINGS-1349,2,OPENMEETINGS
OPENMEETINGS-1761,17,OPENMEETINGS
OPENMEETINGS-1850,21,OPENMEETINGS
OPENMEETINGS-1358,3,OPENMEETINGS
OPENMEETINGS-19,0,OPENMEETINGS
OPENMEETINGS-1295,0,OPENMEETINGS
OPENMEETINGS-1561,1,OPENMEETINGS
OPENMEETINGS-1401,5,OPENMEETINGS
OPENMEETINGS-1400,0,OPENMEETINGS
OPENMEETINGS-1402,0,OPENMEETINGS
OPENMEETINGS-1399,0,OPENMEETINGS
OPENMEETINGS-1396,0,OPENMEETINGS
OPENMEETINGS-1857,0,OPENMEETINGS
OPENMEETINGS-1654,2,OPENMEETINGS
OPENMEETINGS-1852,0,OPENMEETINGS
OPENMEETINGS-1853,0,OPENMEETINGS
OPENMEETINGS-1550,2,OPENMEETINGS
OPENMEETINGS-1416,0,OPENMEETINGS
OPENMEETINGS-1417,1,OPENMEETINGS
OPENMEETINGS-1775,0,OPENMEETINGS
OPENMEETINGS-1267,0,OPENMEETINGS
OPENMEETINGS-1411,0,OPENMEETINGS
OPENMEETINGS-1380,0,OPENMEETINGS
OPENMEETINGS-1316,0,OPENMEETINGS
OPENMEETINGS-1384,0,OPENMEETINGS
OPENMEETINGS-1705,0,OPENMEETINGS
OPENMEETINGS-1703,7,OPENMEETINGS
OPENMEETINGS-1303,0,OPENMEETINGS
OPENMEETINGS-1410,0,OPENMEETINGS
OPENMEETINGS-1781,0,OPENMEETINGS
OPENMEETINGS-1434,0,OPENMEETINGS
OPENMEETINGS-1432,0,OPENMEETINGS
OPENMEETINGS-1438,0,OPENMEETINGS
OPENMEETINGS-1737,6,OPENMEETINGS
OPENMEETINGS-1870,1,OPENMEETINGS
OPENMEETINGS-1330,0,OPENMEETINGS
OPENMEETINGS-1601,1,OPENMEETINGS
OPENMEETINGS-1547,0,OPENMEETINGS
OPENMEETINGS-1930,10,OPENMEETINGS
OPENMEETINGS-1882,0,OPENMEETINGS
SYNCOPE-1030,0,SYNCOPE
SYNCOPE-1024,7,SYNCOPE
SYNCOPE-399,0,SYNCOPE
SYNCOPE-309,0,SYNCOPE
SYNCOPE-801,0,SYNCOPE
SYNCOPE-394,0,SYNCOPE
SYNCOPE-397,0,SYNCOPE
SYNCOPE-1217,0,SYNCOPE
SYNCOPE-1022,0,SYNCOPE
SYNCOPE-1207,0,SYNCOPE
SYNCOPE-1206,0,SYNCOPE
SYNCOPE-418,0,SYNCOPE
SYNCOPE-792,0,SYNCOPE
SYNCOPE-1001,0,SYNCOPE
SYNCOPE-412,0,SYNCOPE
SYNCOPE-798,0,SYNCOPE
SYNCOPE-1043,0,SYNCOPE
SYNCOPE-1042,0,SYNCOPE
SYNCOPE-417,0,SYNCOPE
SYNCOPE-1046,0,SYNCOPE
SYNCOPE-1337,0,SYNCOPE
SYNCOPE-1128,21,SYNCOPE
SYNCOPE-1239,0,SYNCOPE
SYNCOPE-557,1,SYNCOPE
SYNCOPE-556,0,SYNCOPE
SYNCOPE-1288,22,SYNCOPE
SYNCOPE-710,0,SYNCOPE
SYNCOPE-712,0,SYNCOPE
SYNCOPE-1048,0,SYNCOPE
SYNCOPE-717,0,SYNCOPE
SYNCOPE-716,0,SYNCOPE
SYNCOPE-658,0,SYNCOPE
SYNCOPE-659,0,SYNCOPE
SYNCOPE-323,0,SYNCOPE
SYNCOPE-497,11,SYNCOPE
SYNCOPE-327,0,SYNCOPE
SYNCOPE-328,4,SYNCOPE
SYNCOPE-329,4,SYNCOPE
SYNCOPE-498,15,SYNCOPE
SYNCOPE-499,1,SYNCOPE
SYNCOPE-654,0,SYNCOPE
SYNCOPE-655,0,SYNCOPE
SYNCOPE-656,0,SYNCOPE
SYNCOPE-893,0,SYNCOPE
SYNCOPE-383,0,SYNCOPE
SYNCOPE-381,0,SYNCOPE
SYNCOPE-386,0,SYNCOPE
SYNCOPE-387,0,SYNCOPE
SYNCOPE-384,0,SYNCOPE
SYNCOPE-385,0,SYNCOPE
SYNCOPE-817,0,SYNCOPE
SYNCOPE-814,0,SYNCOPE
SYNCOPE-376,0,SYNCOPE
SYNCOPE-812,1,SYNCOPE
SYNCOPE-813,0,SYNCOPE
SYNCOPE-811,0,SYNCOPE
SYNCOPE-1233,0,SYNCOPE
SYNCOPE-1230,0,SYNCOPE
SYNCOPE-1236,0,SYNCOPE
SYNCOPE-783,0,SYNCOPE
SYNCOPE-781,0,SYNCOPE
SYNCOPE-466,0,SYNCOPE
SYNCOPE-297,3,SYNCOPE
SYNCOPE-462,0,SYNCOPE
SYNCOPE-1039,0,SYNCOPE
SYNCOPE-1333,0,SYNCOPE
SYNCOPE-1049,0,SYNCOPE
SYNCOPE-1331,0,SYNCOPE
SYNCOPE-543,0,SYNCOPE
SYNCOPE-1038,0,SYNCOPE
SYNCOPE-1335,0,SYNCOPE
SYNCOPE-546,16,SYNCOPE
SYNCOPE-547,1,SYNCOPE
SYNCOPE-1034,0,SYNCOPE
SYNCOPE-707,0,SYNCOPE
SYNCOPE-1036,0,SYNCOPE
SYNCOPE-1338,0,SYNCOPE
SYNCOPE-702,7,SYNCOPE
SYNCOPE-1032,0,SYNCOPE
SYNCOPE-1033,0,SYNCOPE
SYNCOPE-881,0,SYNCOPE
SYNCOPE-883,0,SYNCOPE
SYNCOPE-316,0,SYNCOPE
SYNCOPE-669,0,SYNCOPE
SYNCOPE-775,0,SYNCOPE
SYNCOPE-887,0,SYNCOPE
SYNCOPE-312,0,SYNCOPE
SYNCOPE-927,0,SYNCOPE
SYNCOPE-1387,2,SYNCOPE
SYNCOPE-1229,0,SYNCOPE
SYNCOPE-566,0,SYNCOPE
SYNCOPE-1224,0,SYNCOPE
SYNCOPE-1227,0,SYNCOPE
SYNCOPE-1420,0,SYNCOPE
SYNCOPE-1388,2,SYNCOPE
SYNCOPE-310,0,SYNCOPE
SYNCOPE-1002,0,SYNCOPE
SYNCOPE-799,0,SYNCOPE
SYNCOPE-1040,0,SYNCOPE
SYNCOPE-474,0,SYNCOPE
SYNCOPE-475,0,SYNCOPE
SYNCOPE-476,0,SYNCOPE
SYNCOPE-1303,14,SYNCOPE
SYNCOPE-315,0,SYNCOPE
SYNCOPE-308,0,SYNCOPE
SYNCOPE-576,0,SYNCOPE
SYNCOPE-571,0,SYNCOPE
SYNCOPE-267,1,SYNCOPE
SYNCOPE-572,0,SYNCOPE
SYNCOPE-1026,0,SYNCOPE
SYNCOPE-1025,0,SYNCOPE
SYNCOPE-301,0,SYNCOPE
SYNCOPE-306,3,SYNCOPE
SYNCOPE-1044,0,SYNCOPE
SYNCOPE-672,0,SYNCOPE
SYNCOPE-673,2,SYNCOPE
SYNCOPE-670,0,SYNCOPE
SYNCOPE-671,0,SYNCOPE
SYNCOPE-892,0,SYNCOPE
SYNCOPE-677,0,SYNCOPE
SYNCOPE-891,0,SYNCOPE
SYNCOPE-678,0,SYNCOPE
SYNCOPE-459,3,SYNCOPE
SYNCOPE-953,0,SYNCOPE
SYNCOPE-898,0,SYNCOPE
SYNCOPE-884,0,SYNCOPE
SYNCOPE-1417,0,SYNCOPE
SYNCOPE-1393,0,SYNCOPE
SYNCOPE-1253,0,SYNCOPE
SYNCOPE-1411,0,SYNCOPE
SYNCOPE-1399,8,SYNCOPE
SYNCOPE-1251,0,SYNCOPE
SYNCOPE-1252,0,SYNCOPE
SYNCOPE-886,0,SYNCOPE
SYNCOPE-551,0,SYNCOPE
SYNCOPE-285,10,SYNCOPE
SYNCOPE-878,0,SYNCOPE
SYNCOPE-440,1,SYNCOPE
SYNCOPE-568,2,SYNCOPE
SYNCOPE-549,0,SYNCOPE
SYNCOPE-578,1,SYNCOPE
SYNCOPE-664,0,SYNCOPE
SYNCOPE-562,0,SYNCOPE
SYNCOPE-686,0,SYNCOPE
SYNCOPE-872,6,SYNCOPE
SYNCOPE-684,0,SYNCOPE
SYNCOPE-683,0,SYNCOPE
SYNCOPE-682,0,SYNCOPE
SYNCOPE-564,0,SYNCOPE
SYNCOPE-565,0,SYNCOPE
SYNCOPE-1070,1,SYNCOPE
SYNCOPE-294,0,SYNCOPE
SYNCOPE-879,0,SYNCOPE
SYNCOPE-1012,0,SYNCOPE
SYNCOPE-1013,0,SYNCOPE
SYNCOPE-1010,0,SYNCOPE
SYNCOPE-554,1,SYNCOPE
SYNCOPE-373,0,SYNCOPE
SYNCOPE-372,0,SYNCOPE
SYNCOPE-1014,0,SYNCOPE
SYNCOPE-768,0,SYNCOPE
SYNCOPE-769,0,SYNCOPE
SYNCOPE-793,0,SYNCOPE
SYNCOPE-837,0,SYNCOPE
SYNCOPE-1027,0,SYNCOPE
SYNCOPE-601,2,SYNCOPE
SYNCOPE-600,2,SYNCOPE
SYNCOPE-944,0,SYNCOPE
SYNCOPE-762,0,SYNCOPE
SYNCOPE-947,0,SYNCOPE
SYNCOPE-940,0,SYNCOPE
SYNCOPE-668,0,SYNCOPE
SYNCOPE-1248,0,SYNCOPE
SYNCOPE-1404,8,SYNCOPE
SYNCOPE-1407,0,SYNCOPE
SYNCOPE-1408,0,SYNCOPE
SYNCOPE-1241,0,SYNCOPE
SYNCOPE-1246,0,SYNCOPE
SYNCOPE-1008,0,SYNCOPE
SYNCOPE-457,0,SYNCOPE
SYNCOPE-454,0,SYNCOPE
SYNCOPE-455,0,SYNCOPE
SYNCOPE-452,0,SYNCOPE
SYNCOPE-453,0,SYNCOPE
SYNCOPE-1168,18,SYNCOPE
SYNCOPE-845,6,SYNCOPE
SYNCOPE-844,0,SYNCOPE
SYNCOPE-515,1,SYNCOPE
SYNCOPE-1066,1,SYNCOPE
SYNCOPE-691,0,SYNCOPE
SYNCOPE-458,3,SYNCOPE
SYNCOPE-1004,0,SYNCOPE
SYNCOPE-1007,0,SYNCOPE
SYNCOPE-368,1,SYNCOPE
SYNCOPE-369,0,SYNCOPE
SYNCOPE-1003,0,SYNCOPE
SYNCOPE-364,1,SYNCOPE
SYNCOPE-365,1,SYNCOPE
SYNCOPE-1190,1,SYNCOPE
SYNCOPE-361,1,SYNCOPE
SYNCOPE-567,0,SYNCOPE
SYNCOPE-597,0,SYNCOPE
SYNCOPE-758,0,SYNCOPE
SYNCOPE-976,1,SYNCOPE
SYNCOPE-759,0,SYNCOPE
SYNCOPE-598,0,SYNCOPE
SYNCOPE-929,1,SYNCOPE
SYNCOPE-739,0,SYNCOPE
SYNCOPE-916,0,SYNCOPE
SYNCOPE-915,0,SYNCOPE
SYNCOPE-1354,0,SYNCOPE
SYNCOPE-1250,0,SYNCOPE
SYNCOPE-1247,0,SYNCOPE
SYNCOPE-999,1,SYNCOPE
SYNCOPE-1223,0,SYNCOPE
SYNCOPE-504,1,SYNCOPE
SYNCOPE-1170,14,SYNCOPE
SYNCOPE-1222,0,SYNCOPE
SYNCOPE-1350,0,SYNCOPE
SYNCOPE-351,0,SYNCOPE
SYNCOPE-353,0,SYNCOPE
SYNCOPE-354,1,SYNCOPE
SYNCOPE-357,1,SYNCOPE
SYNCOPE-356,0,SYNCOPE
SYNCOPE-358,0,SYNCOPE
SYNCOPE-269,1,SYNCOPE
SYNCOPE-1373,1,SYNCOPE
SYNCOPE-1419,0,SYNCOPE
SYNCOPE-1244,4,SYNCOPE
SYNCOPE-1,15,SYNCOPE
SYNCOPE-741,0,SYNCOPE
SYNCOPE-888,0,SYNCOPE
SYNCOPE-363,1,SYNCOPE
SYNCOPE-375,0,SYNCOPE
SYNCOPE-900,3,SYNCOPE
SYNCOPE-1205,0,SYNCOPE
SYNCOPE-905,0,SYNCOPE
SYNCOPE-907,0,SYNCOPE
SYNCOPE-908,0,SYNCOPE
SYNCOPE-1016,0,SYNCOPE
SYNCOPE-965,1,SYNCOPE
SYNCOPE-531,0,SYNCOPE
SYNCOPE-863,2,SYNCOPE
SYNCOPE-825,0,SYNCOPE
SYNCOPE-823,0,SYNCOPE
SYNCOPE-846,6,SYNCOPE
SYNCOPE-1062,0,SYNCOPE
SYNCOPE-1060,0,SYNCOPE
SYNCOPE-638,0,SYNCOPE
SYNCOPE-639,0,SYNCOPE
SYNCOPE-1342,0,SYNCOPE
SYNCOPE-1343,0,SYNCOPE
SYNCOPE-1340,0,SYNCOPE
SYNCOPE-1346,0,SYNCOPE
SYNCOPE-349,6,SYNCOPE
SYNCOPE-737,1,SYNCOPE
SYNCOPE-735,0,SYNCOPE
SYNCOPE-734,1,SYNCOPE
SYNCOPE-730,0,SYNCOPE
SYNCOPE-1425,0,SYNCOPE
SYNCOPE-738,5,SYNCOPE
SYNCOPE-937,0,SYNCOPE
SYNCOPE-930,1,SYNCOPE
SYNCOPE-574,0,SYNCOPE
SYNCOPE-1214,0,SYNCOPE
SYNCOPE-527,0,SYNCOPE
SYNCOPE-1216,8,SYNCOPE
SYNCOPE-1210,3,SYNCOPE
SYNCOPE-1213,0,SYNCOPE
SYNCOPE-946,0,SYNCOPE
SYNCOPE-1199,2,SYNCOPE
SYNCOPE-1051,0,SYNCOPE
SYNCOPE-404,4,SYNCOPE
SYNCOPE-1357,0,SYNCOPE
SYNCOPE-1356,0,SYNCOPE
SYNCOPE-400,2,SYNCOPE
SYNCOPE-1352,0,SYNCOPE
SYNCOPE-928,14,SYNCOPE
SYNCOPE-341,0,SYNCOPE
SYNCOPE-1358,0,SYNCOPE
SYNCOPE-332,1,SYNCOPE
SYNCOPE-336,7,SYNCOPE
SYNCOPE-923,0,SYNCOPE
SYNCOPE-643,4,SYNCOPE
SYNCOPE-484,0,SYNCOPE
SYNCOPE-641,0,SYNCOPE
SYNCOPE-647,0,SYNCOPE
SYNCOPE-729,0,SYNCOPE
SYNCOPE-644,0,SYNCOPE
TAP5-649,4,TAP5
TAP5-648,3,TAP5
TAP5-644,1,TAP5
TAP5-130,9,TAP5
TAP5-641,1,TAP5
TAP5-136,1,TAP5
TAP5-135,1,TAP5
TAP5-524,3,TAP5
TAP5-520,1,TAP5
TAP5-1549,1,TAP5
TAP5-2424,1,TAP5
TAP5-1339,5,TAP5
TAP5-132,1,TAP5
TAP5-1331,5,TAP5
TAP5-1330,1,TAP5
TAP5-1332,0,TAP5
TAP5-1334,0,TAP5
TAP5-1336,6,TAP5
TAP5-640,1,TAP5
TAP5-821,11,TAP5
TAP5-1729,2,TAP5
TAP5-1154,0,TAP5
TAP5-1848,0,TAP5
TAP5-856,2,TAP5
TAP5-1658,29,TAP5
TAP5-1983,3,TAP5
TAP5-1981,64,TAP5
TAP5-1599,10,TAP5
TAP5-1984,14,TAP5
TAP5-290,1,TAP5
TAP5-1383,1,TAP5
TAP5-225,1,TAP5
TAP5-224,1,TAP5
TAP5-1938,0,TAP5
TAP5-1937,5,TAP5
TAP5-1935,0,TAP5
TAP5-1934,46,TAP5
TAP5-1933,3,TAP5
TAP5-1900,45,TAP5
TAP5-2268,51,TAP5
TAP5-2269,38,TAP5
TAP5-1277,24,TAP5
TAP5-1374,0,TAP5
TAP5-962,26,TAP5
TAP5-1372,0,TAP5
TAP5-457,0,TAP5
TAP5-598,2,TAP5
TAP5-773,59,TAP5
TAP5-578,0,TAP5
TAP5-573,0,TAP5
TAP5-571,3,TAP5
TAP5-1486,1,TAP5
TAP5-1802,35,TAP5
TAP5-2008,0,TAP5
TAP5-2004,4,TAP5
TAP5-818,3,TAP5
TAP5-1613,2,TAP5
TAP5-378,1,TAP5
TAP5-256,1,TAP5
TAP5-253,1,TAP5
TAP5-258,1,TAP5
TAP5-2130,73,TAP5
TAP5-615,1,TAP5
TAP5-921,4,TAP5
TAP5-1100,2,TAP5
TAP5-403,0,TAP5
TAP5-402,1,TAP5
TAP5-1979,3,TAP5
TAP5-407,5,TAP5
TAP5-1973,44,TAP5
TAP5-408,5,TAP5
TAP5-1977,3,TAP5
TAP5-1976,1,TAP5
TAP5-2180,16,TAP5
TAP5-1031,18,TAP5
TAP5-105,1,TAP5
TAP5-537,0,TAP5
TAP5-535,0,TAP5
TAP5-765,1,TAP5
TAP5-373,0,TAP5
TAP5-1475,14,TAP5
TAP5-2452,6,TAP5
TAP5-2458,10,TAP5
TAP5-1241,4,TAP5
TAP5-747,0,TAP5
TAP5-622,4,TAP5
TAP5-621,0,TAP5
TAP5-748,0,TAP5
TAP5-749,0,TAP5
TAP5-2179,23,TAP5
TAP5-2073,11,TAP5
TAP5-2071,1,TAP5
TAP5-964,26,TAP5
TAP5-961,2,TAP5
TAP5-841,86,TAP5
TAP5-2588,6,TAP5
TAP5-1788,5,TAP5
TAP5-845,7,TAP5
TAP5-2582,3,TAP5
TAP5-1787,0,TAP5
TAP5-2585,3,TAP5
TAP5-1668,50,TAP5
TAP5-284,1,TAP5
TAP5-283,1,TAP5
TAP5-211,0,TAP5
TAP5-922,8,TAP5
TAP5-10,1,TAP5
TAP5-1926,17,TAP5
TAP5-2499,18,TAP5
TAP5-1929,0,TAP5
TAP5-1535,2,TAP5
TAP5-2256,27,TAP5
TAP5-1369,4,TAP5
TAP5-788,6,TAP5
TAP5-666,0,TAP5
TAP5-660,4,TAP5
TAP5-1408,4,TAP5
TAP5-2406,44,TAP5
TAP5-2030,41,TAP5
TAP5-1813,69,TAP5
TAP5-719,0,TAP5
TAP5-1741,0,TAP5
TAP5-711,0,TAP5
TAP5-1744,36,TAP5
TAP5-715,1,TAP5
TAP5-714,0,TAP5
TAP5-1791,1,TAP5
TAP5-1862,59,TAP5
TAP5-2101,42,TAP5
TAP5-2100,41,TAP5
TAP5-1868,1,TAP5
TAP5-937,11,TAP5
TAP5-1964,0,TAP5
TAP5-1963,0,TAP5
TAP5-830,1,TAP5
TAP5-1004,3,TAP5
TAP5-326,15,TAP5
TAP5-986,16,TAP5
TAP5-834,6,TAP5
TAP5-119,1,TAP5
TAP5-505,0,TAP5
TAP5-1563,14,TAP5
TAP5-1569,47,TAP5
TAP5-2449,9,TAP5
TAP5-1254,19,TAP5
TAP5-1251,11,TAP5
TAP5-616,0,TAP5
TAP5-613,4,TAP5
TAP5-610,1,TAP5
TAP5-1822,16,TAP5
TAP5-1672,65,TAP5
TAP5-1770,4,TAP5
TAP5-875,8,TAP5
TAP5-871,2,TAP5
TAP5-272,15,TAP5
TAP5-279,1,TAP5
TAP5-1632,2,TAP5
TAP5-1689,81,TAP5
TAP5-385,1,TAP5
TAP5-1483,36,TAP5
TAP5-1950,2,TAP5
TAP5-1952,2,TAP5
TAP5-1527,1,TAP5
TAP5-470,0,TAP5
TAP5-1054,2,TAP5
TAP5-736,60,TAP5
TAP5-374,6,TAP5
TAP5-128,15,TAP5
TAP5-796,0,TAP5
TAP5-652,4,TAP5
TAP5-653,0,TAP5
TAP5-1551,1,TAP5
TAP5-1555,2,TAP5
TAP5-1,1,TAP5
TAP5-1227,6,TAP5
TAP5-2025,4,TAP5
TAP5-2027,69,TAP5
TAP5-832,11,TAP5
TAP5-1636,8,TAP5
TAP5-728,1,TAP5
TAP5-1735,12,TAP5
TAP5-724,11,TAP5
TAP5-1736,48,TAP5
TAP5-1128,5,TAP5
TAP5-1080,2,TAP5
TAP5-1086,2,TAP5
TAP5-1991,3,TAP5
TAP5-341,5,TAP5
TAP5-1992,3,TAP5
TAP5-1995,3,TAP5
TAP5-349,10,TAP5
TAP5-2206,34,TAP5
TAP5-1393,0,TAP5
TAP5-1392,3,TAP5
TAP5-1011,3,TAP5
TAP5-337,1,TAP5
TAP5-1329,6,TAP5
TAP5-332,1,TAP5
TAP5-998,4,TAP5
TAP5-230,1,TAP5
TAP5-233,1,TAP5
TAP5-698,11,TAP5
TAP5-2306,36,TAP5
TAP5-1906,1,TAP5
TAP5-39,7,TAP5
TAP5-1511,28,TAP5
TAP5-2270,68,TAP5
TAP5-2273,73,TAP5
TAP5-2275,24,TAP5
TAP5-35,19,TAP5
TAP5-1305,55,TAP5
TAP5-23,1,TAP5
TAP5-767,0,TAP5
TAP5-603,3,TAP5
TAP5-602,0,TAP5
TAP5-1428,3,TAP5
TAP5-1422,3,TAP5
TAP5-1836,0,TAP5
TAP5-1837,71,TAP5
TAP5-2010,0,TAP5
TAP5-1831,0,TAP5
TAP5-940,2,TAP5
TAP5-947,1,TAP5
TAP5-944,17,TAP5
TAP5-945,0,TAP5
TAP5-266,12,TAP5
TAP5-2120,9,TAP5
TAP5-1880,0,TAP5
TAP5-1885,43,TAP5
TAP5-2084,8,TAP5
TAP5-1117,7,TAP5
TAP5-894,6,TAP5
TAP5-891,7,TAP5
TAP5-892,11,TAP5
TAP5-898,2,TAP5
TAP5-413,0,TAP5
TAP5-1493,54,TAP5
TAP5-770,3,TAP5
TAP5-1018,2,TAP5
TAP5-2331,73,TAP5
TAP5-1949,1,TAP5
TAP5-1345,0,TAP5
TAP5-308,1,TAP5
TAP5-304,1,TAP5
TAP5-305,1,TAP5
TAP5-302,15,TAP5
TILES-416,11,TILES
TILES-104,0,TILES
TILES-469,4,TILES
TILES-111,1,TILES
TILES-574,3,TILES
TILES-222,3,TILES
TILES-118,2,TILES
TILES-117,2,TILES
TILES-151,4,TILES
TILES-175,4,TILES
TILES-421,3,TILES
TILES-232,3,TILES
TILES-255,6,TILES
TILES-230,6,TILES
TILES-161,1,TILES
TILES-346,10,TILES
TILES-404,11,TILES
TILES-322,1,TILES
TILES-356,8,TILES
TILES-276,4,TILES
TILES-137,2,TILES
TILES-441,0,TILES
TILES-138,2,TILES
TILES-464,5,TILES
TILES-307,1,TILES
TILES-348,2,TILES
TILES-349,10,TILES
TILES-402,0,TILES
TILES-339,8,TILES
TILES-468,13,TILES
TILES-429,8,TILES
TILES-452,5,TILES
TILES-466,4,TILES
TILES-225,5,TILES
TILES-573,1,TILES
TILES-388,3,TILES
TILES-203,5,TILES
TILES-451,12,TILES
TILES-305,1,TILES
TILES-142,2,TILES
TILES-204,5,TILES
TILES-513,0,TILES
TILES-224,5,TILES
TILES-209,5,TILES
TILES-437,0,TILES
TILES-430,12,TILES
TILES-223,5,TILES
TILES-444,5,TILES
TILES-122,2,TILES
TILES-534,0,TILES
TILES-288,0,TILES
TILES-351,10,TILES
TILES-447,5,TILES
TILES-353,10,TILES
TILES-352,5,TILES
TILES-557,0,TILES
TILES-268,6,TILES
TILES-450,5,TILES
TILES-334,8,TILES
TILES-456,0,TILES
TILES-286,7,TILES
TILES-454,0,TILES
TILES-340,5,TILES
VELOCITY-730,0,VELOCITY
VELOCITY-731,2,VELOCITY
VELOCITY-759,7,VELOCITY
VELOCITY-595,0,VELOCITY
VELOCITY-615,3,VELOCITY
VELOCITY-753,0,VELOCITY
VELOCITY-499,1,VELOCITY
VELOCITY-678,4,VELOCITY
VELOCITY-538,0,VELOCITY
VELOCITY-71,5,VELOCITY
VELOCITY-616,1,VELOCITY
VELOCITY-689,4,VELOCITY
VELOCITY-508,0,VELOCITY
VELOCITY-520,1,VELOCITY
VELOCITY-501,0,VELOCITY
VELOCITY-614,0,VELOCITY
VELOCITY-561,1,VELOCITY
VELOCITY-570,0,VELOCITY
VELOCITY-686,5,VELOCITY
VELOCITY-541,0,VELOCITY
VELOCITY-355,1,VELOCITY
VELOCITY-744,0,VELOCITY
VELOCITY-649,1,VELOCITY
VELOCITY-606,0,VELOCITY
VELOCITY-607,1,VELOCITY
VELOCITY-644,2,VELOCITY
VELOCITY-729,1,VELOCITY
VELOCITY-728,0,VELOCITY
VELOCITY-763,1,VELOCITY
VELOCITY-641,3,VELOCITY
VELOCITY-642,0,VELOCITY
VELOCITY-760,2,VELOCITY
VELOCITY-544,0,VELOCITY
VELOCITY-536,0,VELOCITY
VELOCITY-537,0,VELOCITY
VELOCITY-452,0,VELOCITY
VELOCITY-516,0,VELOCITY
VELOCITY-551,0,VELOCITY
VELOCITY-718,0,VELOCITY
VELOCITY-658,0,VELOCITY
VELOCITY-630,1,VELOCITY
VELOCITY-590,0,VELOCITY
WICKET-756,1,WICKET
WICKET-1908,1,WICKET
WICKET-1903,2,WICKET
WICKET-1901,2,WICKET
WICKET-6303,1,WICKET
WICKET-6477,1,WICKET
WICKET-6473,7,WICKET
WICKET-3485,2,WICKET
WICKET-5747,1,WICKET
WICKET-6570,0,WICKET
WICKET-5204,7,WICKET
WICKET-5518,3,WICKET
WICKET-859,0,WICKET
WICKET-1239,4,WICKET
WICKET-3719,0,WICKET
WICKET-5202,0,WICKET
WICKET-5203,0,WICKET
WICKET-3715,0,WICKET
WICKET-851,1,WICKET
WICKET-1230,0,WICKET
WICKET-5570,1,WICKET
WICKET-3713,0,WICKET
WICKET-4686,21,WICKET
WICKET-5322,0,WICKET
WICKET-4683,1,WICKET
WICKET-4681,1,WICKET
WICKET-3547,0,WICKET
WICKET-1977,0,WICKET
WICKET-5772,9,WICKET
WICKET-4022,0,WICKET
WICKET-1626,10,WICKET
WICKET-1627,3,WICKET
WICKET-4333,2,WICKET
WICKET-3758,0,WICKET
WICKET-6230,3,WICKET
WICKET-4484,9,WICKET
WICKET-4487,0,WICKET
WICKET-4953,18,WICKET
WICKET-4480,0,WICKET
WICKET-4483,0,WICKET
WICKET-4950,0,WICKET
WICKET-4391,1,WICKET
WICKET-2844,1,WICKET
WICKET-4488,0,WICKET
WICKET-4520,2,WICKET
WICKET-5371,9,WICKET
WICKET-4290,4,WICKET
WICKET-5339,35,WICKET
WICKET-4292,0,WICKET
WICKET-4293,0,WICKET
WICKET-2202,4,WICKET
WICKET-4298,2,WICKET
WICKET-4184,1,WICKET
WICKET-4353,6,WICKET
WICKET-2534,1,WICKET
WICKET-5334,54,WICKET
WICKET-2438,0,WICKET
WICKET-3436,0,WICKET
WICKET-3004,1,WICKET
WICKET-3005,3,WICKET
WICKET-3006,3,WICKET
WICKET-5502,1,WICKET
WICKET-5500,1,WICKET
WICKET-611,1,WICKET
WICKET-5506,2,WICKET
WICKET-5505,2,WICKET
WICKET-1718,90,WICKET
WICKET-1494,4,WICKET
WICKET-1496,4,WICKET
WICKET-2645,0,WICKET
WICKET-3222,0,WICKET
WICKET-1839,1,WICKET
WICKET-3349,2,WICKET
WICKET-3348,2,WICKET
WICKET-1652,4,WICKET
WICKET-5119,4,WICKET
WICKET-5114,2,WICKET
WICKET-3872,1,WICKET
WICKET-4899,0,WICKET
WICKET-5112,0,WICKET
WICKET-1483,11,WICKET
WICKET-5055,1,WICKET
WICKET-1124,2,WICKET
WICKET-5056,3,WICKET
WICKET-6288,1,WICKET
WICKET-5053,1,WICKET
WICKET-5546,2,WICKET
WICKET-896,1,WICKET
WICKET-4550,2,WICKET
WICKET-920,0,WICKET
WICKET-3508,0,WICKET
WICKET-2995,8,WICKET
WICKET-834,0,WICKET
WICKET-4226,0,WICKET
WICKET-550,11,WICKET
WICKET-3503,2,WICKET
WICKET-4222,2,WICKET
WICKET-2102,2,WICKET
WICKET-2103,18,WICKET
WICKET-864,1,WICKET
WICKET-5205,4,WICKET
WICKET-2849,3,WICKET
WICKET-2261,2,WICKET
WICKET-2264,21,WICKET
WICKET-4634,0,WICKET
WICKET-4632,0,WICKET
WICKET-3213,0,WICKET
WICKET-1408,0,WICKET
WICKET-4738,13,WICKET
WICKET-4737,0,WICKET
WICKET-4735,3,WICKET
WICKET-4734,3,WICKET
WICKET-1403,10,WICKET
WICKET-1400,0,WICKET
WICKET-3919,0,WICKET
WICKET-6058,0,WICKET
WICKET-6059,0,WICKET
WICKET-5603,10,WICKET
WICKET-5075,1,WICKET
WICKET-3769,0,WICKET
WICKET-6052,0,WICKET
WICKET-1648,3,WICKET
WICKET-5048,1,WICKET
WICKET-5891,0,WICKET
WICKET-2666,0,WICKET
WICKET-2197,5,WICKET
WICKET-1643,0,WICKET
WICKET-2663,1,WICKET
WICKET-2218,17,WICKET
WICKET-2660,1,WICKET
WICKET-2740,16,WICKET
WICKET-5898,0,WICKET
WICKET-2215,2,WICKET
WICKET-6543,2,WICKET
WICKET-1947,17,WICKET
WICKET-1829,1,WICKET
WICKET-6540,2,WICKET
WICKET-897,1,WICKET
WICKET-1278,0,WICKET
WICKET-5970,1,WICKET
WICKET-4082,0,WICKET
WICKET-4276,2,WICKET
WICKET-4877,1,WICKET
WICKET-4878,1,WICKET
WICKET-4123,1,WICKET
WICKET-5978,2,WICKET
WICKET-4121,2,WICKET
WICKET-6630,1,WICKET
WICKET-6631,1,WICKET
WICKET-5874,6,WICKET
WICKET-3962,2,WICKET
WICKET-4641,1,WICKET
WICKET-5041,1,WICKET
WICKET-4646,1,WICKET
WICKET-3617,0,WICKET
WICKET-1575,2,WICKET
WICKET-1473,3,WICKET
WICKET-5879,0,WICKET
WICKET-564,0,WICKET
WICKET-1476,1,WICKET
WICKET-847,14,WICKET
WICKET-4684,1,WICKET
WICKET-2061,2,WICKET
WICKET-2060,1,WICKET
WICKET-1135,0,WICKET
WICKET-2065,1,WICKET
WICKET-2067,0,WICKET
WICKET-2305,0,WICKET
WICKET-5975,0,WICKET
WICKET-4997,9,WICKET
WICKET-6279,5,WICKET
WICKET-4995,39,WICKET
WICKET-4998,1,WICKET
WICKET-6273,1,WICKET
WICKET-6374,1,WICKET
WICKET-1314,4,WICKET
WICKET-6373,3,WICKET
WICKET-1311,8,WICKET
WICKET-2966,1,WICKET
WICKET-1759,1,WICKET
WICKET-6441,6,WICKET
WICKET-1319,0,WICKET
WICKET-5374,1,WICKET
WICKET-1161,1,WICKET
WICKET-6522,2,WICKET
WICKET-6523,2,WICKET
WICKET-3048,5,WICKET
WICKET-6525,2,WICKET
WICKET-6526,2,WICKET
WICKET-6617,1,WICKET
WICKET-4016,0,WICKET
WICKET-6529,0,WICKET
WICKET-734,2,WICKET
WICKET-4012,0,WICKET
WICKET-6614,16,WICKET
WICKET-3765,46,WICKET
WICKET-3764,0,WICKET
WICKET-860,7,WICKET
WICKET-1290,5,WICKET
WICKET-3761,0,WICKET
WICKET-5537,2,WICKET
WICKET-3688,0,WICKET
WICKET-3762,15,WICKET
WICKET-4529,2,WICKET
WICKET-5424,5,WICKET
WICKET-2522,1,WICKET
WICKET-2047,6,WICKET
WICKET-1754,1,WICKET
WICKET-4543,1,WICKET
WICKET-2491,1,WICKET
WICKET-1750,5,WICKET
WICKET-6088,0,WICKET
WICKET-6087,0,WICKET
WICKET-5241,16,WICKET
WICKET-3141,2,WICKET
WICKET-4803,10,WICKET
WICKET-6080,0,WICKET
WICKET-5011,0,WICKET
WICKET-5019,0,WICKET
WICKET-5013,2,WICKET
WICKET-4458,0,WICKET
WICKET-4900,2,WICKET
WICKET-2350,4,WICKET
WICKET-4906,1,WICKET
WICKET-4907,16,WICKET
WICKET-4516,0,WICKET
WICKET-2812,4,WICKET
WICKET-4514,0,WICKET
WICKET-1366,3,WICKET
WICKET-4511,0,WICKET
WICKET-2407,2,WICKET
WICKET-4260,5,WICKET
WICKET-4806,2,WICKET
WICKET-4265,0,WICKET
WICKET-4264,4,WICKET
WICKET-4519,2,WICKET
WICKET-960,1,WICKET
WICKET-4303,0,WICKET
WICKET-4732,1,WICKET
WICKET-2453,1,WICKET
WICKET-4306,0,WICKET
WICKET-3465,1,WICKET
WICKET-2568,26,WICKET
WICKET-4309,0,WICKET
WICKET-4009,0,WICKET
WICKET-4679,1,WICKET
WICKET-3514,3,WICKET
WICKET-2811,0,WICKET
WICKET-2985,1,WICKET
WICKET-2384,2,WICKET
WICKET-4475,14,WICKET
WICKET-4956,0,WICKET
WICKET-1721,42,WICKET
WICKET-1360,10,WICKET
WICKET-1725,1,WICKET
WICKET-2552,26,WICKET
WICKET-1728,14,WICKET
WICKET-5490,0,WICKET
WICKET-5165,0,WICKET
WICKET-5164,2,WICKET
WICKET-4429,4,WICKET
WICKET-2989,1,WICKET
WICKET-6010,1,WICKET
WICKET-4663,1,WICKET
WICKET-1682,1,WICKET
WICKET-3825,17,WICKET
WICKET-5086,1,WICKET
WICKET-6154,109,WICKET
WICKET-3828,1,WICKET
WICKET-5085,2,WICKET
WICKET-6151,0,WICKET
WICKET-5083,2,WICKET
WICKET-4425,1,WICKET
WICKET-4424,1,WICKET
WICKET-2313,2,WICKET
WICKET-2705,28,WICKET
WICKET-4165,3,WICKET
WICKET-2316,3,WICKET
WICKET-6377,3,WICKET
WICKET-913,1,WICKET
WICKET-3454,0,WICKET
WICKET-916,0,WICKET
WICKET-4784,3,WICKET
WICKET-914,1,WICKET
WICKET-6235,1,WICKET
WICKET-2033,5,WICKET
WICKET-2030,0,WICKET
WICKET-4839,19,WICKET
WICKET-5939,2,WICKET
WICKET-5499,1,WICKET
WICKET-4836,11,WICKET
WICKET-2039,1,WICKET
WICKET-1868,4,WICKET
WICKET-3691,0,WICKET
WICKET-3544,0,WICKET
WICKET-5837,0,WICKET
WICKET-4164,3,WICKET
WICKET-5834,0,WICKET
WICKET-4163,1,WICKET
WICKET-4161,3,WICKET
WICKET-1536,9,WICKET
WICKET-1274,1,WICKET
WICKET-1535,4,WICKET
WICKET-4168,1,WICKET
WICKET-5838,3,WICKET
WICKET-4760,2,WICKET
WICKET-4761,4,WICKET
WICKET-4763,0,WICKET
WICKET-4766,0,WICKET
WICKET-3463,1,WICKET
WICKET-4769,1,WICKET
WICKET-6043,0,WICKET
WICKET-4300,0,WICKET
WICKET-1438,1,WICKET
WICKET-2638,0,WICKET
WICKET-1188,3,WICKET
WICKET-4959,0,WICKET
WICKET-2,34,WICKET
WICKET-3466,0,WICKET
WICKET-1181,0,WICKET
WICKET-2633,0,WICKET
WICKET-2142,2,WICKET
WICKET-2635,0,WICKET
WICKET-890,1,WICKET
WICKET-1919,6,WICKET
WICKET-6332,0,WICKET
WICKET-4324,17,WICKET
WICKET-4358,8,WICKET
WICKET-6339,9,WICKET
WICKET-4305,0,WICKET
WICKET-1914,3,WICKET
WICKET-1915,0,WICKET
WICKET-1916,2,WICKET
WICKET-2993,1,WICKET
WICKET-4913,0,WICKET
WICKET-3559,0,WICKET
WICKET-6568,10,WICKET
WICKET-4881,2,WICKET
WICKET-5230,2,WICKET
WICKET-5941,1,WICKET
WICKET-5235,0,WICKET
WICKET-5946,0,WICKET
WICKET-5237,0,WICKET
WICKET-5944,0,WICKET
WICKET-3721,0,WICKET
WICKET-4112,1,WICKET
WICKET-1220,11,WICKET
WICKET-3649,0,WICKET
WICKET-3725,0,WICKET
WICKET-4116,2,WICKET
WICKET-828,0,WICKET
WICKET-4955,0,WICKET
WICKET-3642,16,WICKET
WICKET-5893,0,WICKET
WICKET-4119,1,WICKET
WICKET-1229,0,WICKET
WICKET-823,0,WICKET
WICKET-4694,1,WICKET
WICKET-4695,5,WICKET
WICKET-5466,0,WICKET
WICKET-4697,21,WICKET
WICKET-5460,0,WICKET
WICKET-4691,1,WICKET
WICKET-1985,1,WICKET
WICKET-1989,0,WICKET
WICKET-1988,1,WICKET
WICKET-5468,0,WICKET
WICKET-4151,1,WICKET
WICKET-6026,0,WICKET
WICKET-1781,4,WICKET
WICKET-4496,22,WICKET
WICKET-2015,1,WICKET
WICKET-4758,2,WICKET
WICKET-1047,2,WICKET
WICKET-4988,12,WICKET
WICKET-1042,1,WICKET
WICKET-1308,0,WICKET
WICKET-2856,0,WICKET
WICKET-2530,0,WICKET
WICKET-2850,19,WICKET
WICKET-5187,53,WICKET
WICKET-2917,4,WICKET
WICKET-3586,1,WICKET
WICKET-2528,0,WICKET
WICKET-5895,24,WICKET
WICKET-4390,1,WICKET
WICKET-1436,2,WICKET
WICKET-6419,1,WICKET
WICKET-4345,2,WICKET
WICKET-3588,1,WICKET
WICKET-3420,2,WICKET
WICKET-3035,2,WICKET
WICKET-622,14,WICKET
WICKET-748,0,WICKET
WICKET-3031,2,WICKET
WICKET-625,26,WICKET
WICKET-3033,2,WICKET
WICKET-4020,0,WICKET
WICKET-4180,1,WICKET
WICKET-4183,1,WICKET
WICKET-3039,3,WICKET
WICKET-4185,1,WICKET
WICKET-745,3,WICKET
WICKET-2506,0,WICKET
WICKET-3218,4,WICKET
WICKET-819,1,WICKET
WICKET-6524,0,WICKET
WICKET-3217,0,WICKET
WICKET-3359,2,WICKET
WICKET-2434,0,WICKET
WICKET-3212,0,WICKET
WICKET-5123,1,WICKET
WICKET-1139,0,WICKET
WICKET-3868,48,WICKET
WICKET-1647,10,WICKET
WICKET-6111,0,WICKET
WICKET-5043,11,WICKET
WICKET-5040,0,WICKET
WICKET-1131,0,WICKET
WICKET-3862,19,WICKET
WICKET-5044,5,WICKET
WICKET-6116,0,WICKET
WICKET-4548,1,WICKET
WICKET-6296,2,WICKET
WICKET-3471,4,WICKET
WICKET-1039,0,WICKET
WICKET-1038,4,WICKET
WICKET-6017,3,WICKET
WICKET-816,0,WICKET
WICKET-4546,1,WICKET
WICKET-2600,3,WICKET
WICKET-2598,1,WICKET
WICKET-3510,0,WICKET
WICKET-3511,0,WICKET
WICKET-953,0,WICKET
WICKET-2456,1,WICKET
WICKET-3812,0,WICKET
WICKET-3101,0,WICKET
WICKET-3103,0,WICKET
WICKET-4330,0,WICKET
WICKET-2595,0,WICKET
WICKET-4340,0,WICKET
WICKET-2277,2,WICKET
WICKET-1513,9,WICKET
WICKET-4729,2,WICKET
WICKET-4727,0,WICKET
WICKET-4723,0,WICKET
WICKET-3818,1,WICKET
WICKET-6069,0,WICKET
WICKET-2038,1,WICKET
WICKET-827,0,WICKET
WICKET-1574,0,WICKET
WICKET-6506,18,WICKET
WICKET-2180,18,WICKET
WICKET-2181,18,WICKET
WICKET-6062,0,WICKET
WICKET-2675,0,WICKET
WICKET-5883,0,WICKET
WICKET-2672,0,WICKET
WICKET-5881,0,WICKET
WICKET-3490,2,WICKET
WICKET-1409,4,WICKET
WICKET-3755,0,WICKET
WICKET-1954,0,WICKET
WICKET-6014,0,WICKET
WICKET-2003,0,WICKET
WICKET-2002,0,WICKET
WICKET-1816,1,WICKET
WICKET-6102,0,WICKET
WICKET-1959,1,WICKET
WICKET-1812,17,WICKET
WICKET-5869,10,WICKET
WICKET-5904,0,WICKET
WICKET-4841,5,WICKET
WICKET-4093,1,WICKET
WICKET-1268,2,WICKET
WICKET-4842,7,WICKET
WICKET-5861,0,WICKET
WICKET-5862,0,WICKET
WICKET-1715,0,WICKET
WICKET-954,1,WICKET
WICKET-4848,0,WICKET
WICKET-5909,2,WICKET
WICKET-4099,4,WICKET
WICKET-1507,2,WICKET
WICKET-3972,0,WICKET
WICKET-5539,3,WICKET
WICKET-3974,9,WICKET
WICKET-4658,11,WICKET
WICKET-893,1,WICKET
WICKET-3989,0,WICKET
WICKET-1467,0,WICKET
WICKET-6155,2,WICKET
WICKET-2079,2,WICKET
WICKET-2077,2,WICKET
WICKET-4775,2,WICKET
WICKET-5084,1,WICKET
WICKET-6241,1,WICKET
WICKET-6242,1,WICKET
WICKET-6245,9,WICKET
WICKET-6244,1,WICKET
WICKET-4599,0,WICKET
WICKET-4598,0,WICKET
WICKET-6362,4,WICKET
WICKET-4989,4,WICKET
WICKET-4594,13,WICKET
WICKET-4590,0,WICKET
WICKET-5080,1,WICKET
WICKET-4398,2,WICKET
WICKET-6455,0,WICKET
WICKET-3700,0,WICKET
WICKET-3520,2,WICKET
WICKET-4387,6,WICKET
WICKET-4384,1,WICKET
WICKET-1148,3,WICKET
WICKET-5402,5,WICKET
WICKET-1658,1,WICKET
WICKET-6513,1,WICKET
WICKET-3076,7,WICKET
WICKET-6604,2,WICKET
WICKET-3078,0,WICKET
WICKET-5268,0,WICKET
WICKET-5269,0,WICKET
WICKET-4485,0,WICKET
WICKET-5915,0,WICKET
WICKET-870,1,WICKET
WICKET-705,1,WICKET
WICKET-3670,2,WICKET
WICKET-703,0,WICKET
WICKET-4890,0,WICKET
WICKET-3675,14,WICKET
WICKET-5553,1,WICKET
WICKET-878,1,WICKET
WICKET-5416,7,WICKET
WICKET-4884,3,WICKET
WICKET-841,0,WICKET
WICKET-2281,0,WICKET
WICKET-5054,1,WICKET
WICKET-6094,0,WICKET
WICKET-4359,1,WICKET
WICKET-6097,0,WICKET
WICKET-3097,0,WICKET
WICKET-2006,0,WICKET
WICKET-4558,1,WICKET
WICKET-4939,0,WICKET
WICKET-4844,5,WICKET
WICKET-4935,2,WICKET
WICKET-6289,1,WICKET
WICKET-2488,0,WICKET
WICKET-838,0,WICKET
WICKET-4505,0,WICKET
WICKET-4507,0,WICKET
WICKET-2418,3,WICKET
WICKET-2419,2,WICKET
WICKET-4278,0,WICKET
WICKET-5906,0,WICKET
WICKET-4926,3,WICKET
WICKET-3557,46,WICKET
WICKET-3731,0,WICKET
WICKET-4509,0,WICKET
WICKET-3551,0,WICKET
WICKET-2554,1,WICKET
WICKET-4918,0,WICKET
WICKET-6586,2,WICKET
WICKET-4370,1,WICKET
WICKET-5903,0,WICKET
WICKET-2107,2,WICKET
WICKET-4076,4,WICKET
WICKET-4077,1,WICKET
WICKET-4502,2,WICKET
WICKET-3328,5,WICKET
WICKET-6231,1,WICKET
WICKET-2239,18,WICKET
WICKET-3323,0,WICKET
WICKET-3322,1,WICKET
WICKET-1730,1,WICKET
WICKET-6028,0,WICKET
WICKET-4071,3,WICKET
WICKET-1736,2,WICKET
WICKET-6021,0,WICKET
WICKET-6020,0,WICKET
WICKET-5176,79,WICKET
WICKET-6027,0,WICKET
WICKET-1861,3,WICKET
WICKET-5073,1,WICKET
WICKET-5072,1,WICKET
WICKET-5071,15,WICKET
WICKET-5076,16,WICKET
WICKET-1105,3,WICKET
WICKET-3850,1,WICKET
WICKET-5078,1,WICKET
WICKET-4435,1,WICKET
WICKET-4437,2,WICKET
WICKET-2301,0,WICKET
WICKET-4915,0,WICKET
WICKET-4267,2,WICKET
WICKET-4203,1,WICKET
WICKET-2309,0,WICKET
WICKET-3253,0,WICKET
WICKET-3252,0,WICKET
WICKET-3526,1,WICKET
WICKET-1995,0,WICKET
WICKET-4801,1,WICKET
WICKET-2045,0,WICKET
WICKET-5287,4,WICKET
WICKET-2040,0,WICKET
WICKET-1997,0,WICKET
WICKET-2105,2,WICKET
WICKET-1016,1,WICKET
WICKET-4301,0,WICKET
WICKET-4266,0,WICKET
WICKET-487,2,WICKET
WICKET-4616,0,WICKET
WICKET-4617,0,WICKET
WICKET-5828,0,WICKET
WICKET-4755,2,WICKET
WICKET-1425,7,WICKET
WICKET-4757,0,WICKET
WICKET-3506,0,WICKET
WICKET-4751,0,WICKET
WICKET-4753,0,WICKET
WICKET-1423,0,WICKET
WICKET-4759,1,WICKET
WICKET-1780,1,WICKET
WICKET-613,11,WICKET
WICKET-6220,1,WICKET
WICKET-2609,0,WICKET
WICKET-5182,0,WICKET
WICKET-4659,1,WICKET
WICKET-3980,0,WICKET
WICKET-2992,1,WICKET
WICKET-3280,1,WICKET
WICKET-6324,0,WICKET
WICKET-6325,0,WICKET
WICKET-5835,0,WICKET
WICKET-5484,0,WICKET
WICKET-5596,1,WICKET
WICKET-4690,4,WICKET
WICKET-1926,1,WICKET
WICKET-4859,1,WICKET
WICKET-1920,15,WICKET
WICKET-6553,129,WICKET
WICKET-6192,1,WICKET
WICKET-5380,0,WICKET
WICKET-5226,1,WICKET
WICKET-4796,1,WICKET
WICKET-6236,1,WICKET
WICKET-5220,0,WICKET
WICKET-4891,0,WICKET
WICKET-3736,0,WICKET
WICKET-3735,0,WICKET
WICKET-3730,0,WICKET
WICKET-3575,3,WICKET
WICKET-4109,1,WICKET
WICKET-836,2,WICKET
WICKET-1555,10,WICKET
WICKET-5457,2,WICKET
WICKET-3986,0,WICKET
WICKET-1991,1,WICKET
WICKET-1992,38,WICKET
WICKET-5521,2,WICKET
WICKET-5552,2,WICKET
WICKET-1851,4,WICKET
WICKET-3479,0,WICKET
WICKET-6237,1,WICKET
WICKET-5759,41,WICKET
WICKET-1855,4,WICKET
WICKET-5082,1,WICKET
WICKET-1446,0,WICKET
WICKET-642,2,WICKET
WICKET-981,0,WICKET
WICKET-6219,0,WICKET
WICKET-6196,0,WICKET
WICKET-4971,13,WICKET
WICKET-6198,0,WICKET
WICKET-4973,1,WICKET
WICKET-6217,0,WICKET
WICKET-6215,1,WICKET
WICKET-6353,1,WICKET
WICKET-6356,19,WICKET
WICKET-4141,2,WICKET
WICKET-3477,1,WICKET
WICKET-1332,1,WICKET
WICKET-1340,0,WICKET
WICKET-2510,4,WICKET
WICKET-2513,0,WICKET
WICKET-5316,0,WICKET
WICKET-3187,4,WICKET
WICKET-3022,1,WICKET
WICKET-4311,0,WICKET
WICKET-5251,1,WICKET
WICKET-5250,2,WICKET
WICKET-6428,1,WICKET
WICKET-3024,1,WICKET
WICKET-4259,0,WICKET
WICKET-3740,0,WICKET
WICKET-4031,0,WICKET
WICKET-4032,1,WICKET
WICKET-739,0,WICKET
WICKET-881,1,WICKET
WICKET-882,1,WICKET
WICKET-735,1,WICKET
WICKET-4038,0,WICKET
WICKET-885,1,WICKET
WICKET-886,1,WICKET
WICKET-5522,2,WICKET
WICKET-3202,0,WICKET
WICKET-6316,0,WICKET
WICKET-3207,0,WICKET
WICKET-3209,0,WICKET
WICKET-2741,1,WICKET
WICKET-2250,1,WICKET
WICKET-1773,1,WICKET
WICKET-5136,2,WICKET
WICKET-1677,7,WICKET
WICKET-5135,5,WICKET
WICKET-3556,0,WICKET
WICKET-6109,0,WICKET
WICKET-2241,19,WICKET
WICKET-5035,0,WICKET
WICKET-2545,1,WICKET
WICKET-1679,1,WICKET
WICKET-5138,1,WICKET
WICKET-1389,4,WICKET
WICKET-4578,3,WICKET
WICKET-4477,0,WICKET
WICKET-4579,15,WICKET
WICKET-2349,23,WICKET
WICKET-4575,13,WICKET
WICKET-4574,2,WICKET
WICKET-1478,1,WICKET
WICKET-3780,0,WICKET
WICKET-4570,13,WICKET
WICKET-4572,2,WICKET
WICKET-3449,4,WICKET
WICKET-4245,0,WICKET
WICKET-3563,1,WICKET
WICKET-4241,0,WICKET
WICKET-4596,0,WICKET
WICKET-3440,2,WICKET
WICKET-2587,2,WICKET
WICKET-3114,0,WICKET
WICKET-2582,0,WICKET
WICKET-3569,1,WICKET
WICKET-3111,0,WICKET
WICKET-3038,2,WICKET
WICKET-6361,1,WICKET
WICKET-1541,0,WICKET
WICKET-2245,2,WICKET
WICKET-1583,4,WICKET
WICKET-1582,1,WICKET
WICKET-2630,0,WICKET
WICKET-1120,10,WICKET
WICKET-4715,5,WICKET
WICKET-5784,1,WICKET
WICKET-5191,2,WICKET
WICKET-5141,1,WICKET
WICKET-6076,0,WICKET
WICKET-5145,2,WICKET
WICKET-2641,0,WICKET
WICKET-6172,63,WICKET
WICKET-6171,1,WICKET
WICKET-6177,5,WICKET
WICKET-2647,0,WICKET
WICKET-7,17,WICKET
WICKET-3369,2,WICKET
WICKET-2888,13,WICKET
WICKET-2764,0,WICKET
WICKET-3361,2,WICKET
WICKET-2882,7,WICKET
WICKET-5851,0,WICKET
WICKET-3814,0,WICKET
WICKET-2886,2,WICKET
WICKET-1093,0,WICKET
WICKET-2019,0,WICKET
WICKET-5319,0,WICKET
WICKET-1806,1,WICKET
WICKET-2011,1,WICKET
WICKET-4850,5,WICKET
WICKET-5256,3,WICKET
WICKET-1292,4,WICKET
WICKET-5916,0,WICKET
WICKET-5917,2,WICKET
WICKET-5910,0,WICKET
WICKET-5912,0,WICKET
WICKET-5855,0,WICKET
WICKET-5409,0,WICKET
WICKET-4140,25,WICKET
WICKET-5850,1,WICKET
WICKET-5853,0,WICKET
WICKET-4664,12,WICKET
WICKET-5497,0,WICKET
WICKET-1458,0,WICKET
WICKET-4789,0,WICKET
WICKET-4786,1,WICKET
WICKET-4787,1,WICKET
WICKET-5714,8,WICKET
WICKET-6011,1,WICKET
WICKET-3949,2,WICKET
WICKET-5498,6,WICKET
WICKET-4780,4,WICKET
WICKET-2083,1,WICKET
WICKET-1894,25,WICKET
WICKET-1897,8,WICKET
WICKET-1890,3,WICKET
WICKET-5989,1,WICKET
WICKET-5988,56,WICKET
WICKET-1871,3,WICKET
WICKET-2191,2,WICKET
WICKET-5983,2,WICKET
WICKET-1898,1,WICKET
WICKET-5981,0,WICKET
WICKET-6257,24,WICKET
WICKET-6254,1,WICKET
WICKET-4589,6,WICKET
WICKET-6250,0,WICKET
WICKET-3793,14,WICKET
WICKET-4584,3,WICKET
WICKET-4585,19,WICKET
WICKET-6005,2,WICKET
WICKET-1291,3,WICKET
WICKET-6461,15,WICKET
WICKET-2944,1,WICKET
WICKET-6462,0,WICKET
WICKET-6465,1,WICKET
WICKET-3057,0,WICKET
WICKET-5359,0,WICKET
WICKET-3493,0,WICKET
WICKET-3492,12,WICKET
WICKET-3671,1,WICKET
WICKET-2949,25,WICKET
WICKET-5569,1,WICKET
WICKET-3067,0,WICKET
WICKET-3065,0,WICKET
WICKET-1200,0,WICKET
WICKET-5560,1,WICKET
WICKET-5265,21,WICKET
WICKET-3702,0,WICKET
WICKET-5218,2,WICKET
WICKET-4610,0,WICKET
WICKET-5400,0,WICKET
WICKET-3663,4,WICKET
WICKET-3665,17,WICKET
WICKET-5578,1,WICKET
WICKET-3088,4,WICKET
WICKET-4138,3,WICKET
WICKET-3123,0,WICKET
WICKET-936,1,WICKET
WICKET-1637,11,WICKET
WICKET-1636,1,WICKET
WICKET-3083,0,WICKET
WICKET-3086,0,WICKET
WICKET-5094,1,WICKET
WICKET-4920,0,WICKET
WICKET-6227,0,WICKET
WICKET-4927,1,WICKET
WICKET-6225,0,WICKET
WICKET-4530,2,WICKET
WICKET-4535,3,WICKET
WICKET-4536,1,WICKET
WICKET-2933,1,WICKET
WICKET-2624,1,WICKET
WICKET-2548,1,WICKET
WICKET-2422,0,WICKET
WICKET-4286,5,WICKET
WICKET-987,10,WICKET
WICKET-5555,3,WICKET
WICKET-988,2,WICKET
WICKET-4289,0,WICKET
WICKET-4872,1,WICKET
WICKET-5326,12,WICKET
WICKET-5234,24,WICKET
WICKET-3013,1,WICKET
WICKET-4365,1,WICKET
WICKET-4367,1,WICKET
WICKET-4361,1,WICKET
WICKET-4886,0,WICKET
WICKET-702,1,WICKET
WICKET-3239,0,WICKET
WICKET-1777,1,WICKET
WICKET-1415,0,WICKET
WICKET-3337,1,WICKET
WICKET-3232,0,WICKET
WICKET-3231,0,WICKET
WICKET-3339,1,WICKET
WICKET-1705,1,WICKET
WICKET-1704,14,WICKET
WICKET-1706,1,WICKET
WICKET-1701,1,WICKET
WICKET-2891,1,WICKET
WICKET-6036,2,WICKET
WICKET-4409,1,WICKET
WICKET-3164,7,WICKET
WICKET-5103,2,WICKET
WICKET-5102,1,WICKET
WICKET-5101,7,WICKET
WICKET-6031,0,WICKET
WICKET-5060,10,WICKET
WICKET-5061,1,WICKET
WICKET-6135,0,WICKET
WICKET-6134,0,WICKET
WICKET-6133,0,WICKET
WICKET-6131,5,WICKET
WICKET-5973,3,WICKET
WICKET-5068,11,WICKET
WICKET-4406,1,WICKET
WICKET-4401,1,WICKET
WICKET-2688,1,WICKET
WICKET-6139,13,WICKET
WICKET-4788,1,WICKET
WICKET-2704,3,WICKET
WICKET-1676,0,WICKET
WICKET-2330,1,WICKET
WICKET-2333,4,WICKET
WICKET-3249,12,WICKET
WICKET-6481,2,WICKET
WICKET-4213,4,WICKET
WICKET-824,1,WICKET
WICKET-6485,2,WICKET
WICKET-4217,0,WICKET
WICKET-4816,4,WICKET
WICKET-2057,0,WICKET
WICKET-2050,0,WICKET
WICKET-4810,14,WICKET
WICKET-2115,15,WICKET
WICKET-5131,1,WICKET
WICKET-2861,0,WICKET
WICKET-5814,1,WICKET
WICKET-6221,1,WICKET
WICKET-4749,0,WICKET
WICKET-4626,2,WICKET
WICKET-4743,2,WICKET
WICKET-330,0,WICKET
WICKET-1416,1,WICKET
WICKET-1796,1,WICKET
WICKET-1797,3,WICKET
WICKET-1794,1,WICKET
WICKET-3483,0,WICKET
WICKET-4126,2,WICKET
WICKET-5619,1,WICKET
WICKET-4696,1,WICKET
WICKET-6045,0,WICKET
WICKET-6044,0,WICKET
WICKET-2025,0,WICKET
WICKET-2616,1,WICKET
WICKET-2617,0,WICKET
WICKET-1605,7,WICKET
WICKET-2753,1,WICKET
WICKET-2200,18,WICKET
WICKET-2203,2,WICKET
WICKET-2619,1,WICKET
WICKET-631,1,WICKET
WICKET-1930,1,WICKET
WICKET-1931,1,WICKET
WICKET-5462,0,WICKET
WICKET-4642,0,WICKET
WICKET-6546,17,WICKET
WICKET-6545,0,WICKET
WICKET-4837,5,WICKET
WICKET-5968,1,WICKET
WICKET-4865,1,WICKET
WICKET-4864,1,WICKET
WICKET-5964,0,WICKET
WICKET-5967,1,WICKET
WICKET-5966,1,WICKET
WICKET-6623,92,WICKET
WICKET-5960,0,WICKET
WICKET-812,5,WICKET
WICKET-4134,2,WICKET
WICKET-4136,2,WICKET
WICKET-4645,4,WICKET
WICKET-3998,0,WICKET
WICKET-807,1,WICKET
WICKET-809,0,WICKET
WICKET-1560,3,WICKET
WICKET-3991,0,WICKET
WICKET-5689,8,WICKET
WICKET-5841,3,WICKET
WICKET-932,8,WICKET
WICKET-2345,1,WICKET
WICKET-1846,1,WICKET
WICKET-1845,1,WICKET
WICKET-1843,4,WICKET
WICKET-4597,3,WICKET
WICKET-4968,0,WICKET
WICKET-6267,2,WICKET
WICKET-4964,4,WICKET
WICKET-4962,0,WICKET
WICKET-796,1,WICKET
WICKET-6340,0,WICKET
WICKET-5482,0,WICKET
WICKET-6342,0,WICKET
WICKET-1305,0,WICKET
WICKET-1307,0,WICKET
WICKET-6349,1,WICKET
WICKET-4256,0,WICKET
WICKET-4420,1,WICKET
WICKET-6533,2,WICKET
WICKET-6530,2,WICKET
WICKET-3548,45,WICKET
WICKET-3058,0,WICKET
WICKET-1051,2,WICKET
WICKET-4000,6,WICKET
WICKET-2497,0,WICKET
WICKET-3297,1,WICKET
WICKET-5369,1,WICKET
WICKET-5532,2,WICKET
WICKET-3698,0,WICKET
WICKET-3753,19,WICKET
WICKET-728,1,WICKET
WICKET-899,1,WICKET
WICKET-1226,0,WICKET
WICKET-3690,0,WICKET
WICKET-894,1,WICKET
WICKET-5437,0,WICKET
WICKET-720,0,WICKET
WICKET-3696,21,WICKET
WICKET-2485,7,WICKET
WICKET-3965,0,WICKET
WICKET-3272,1,WICKET
WICKET-4152,0,WICKET
WICKET-574,34,WICKET
WICKET-2589,1,WICKET
WICKET-1667,1,WICKET
WICKET-3278,1,WICKET
WICKET-4130,0,WICKET
WICKET-991,0,WICKET
WICKET-5029,3,WICKET
WICKET-3441,2,WICKET
WICKET-4441,25,WICKET
WICKET-4500,0,WICKET
WICKET-4443,3,WICKET
WICKET-5027,0,WICKET
WICKET-5020,3,WICKET
WICKET-1152,6,WICKET
WICKET-4501,0,WICKET
WICKET-1015,2,WICKET
WICKET-1014,0,WICKET
WICKET-4561,1,WICKET
WICKET-1376,7,WICKET
WICKET-1397,0,WICKET
WICKET-973,1,WICKET
WICKET-974,1,WICKET
WICKET-1455,0,WICKET
WICKET-1391,1,WICKET
WICKET-4255,0,WICKET
WICKET-3576,1,WICKET
WICKET-4250,0,WICKET
WICKET-4318,0,WICKET
WICKET-4317,6,WICKET
WICKET-4258,0,WICKET
WICKET-3470,2,WICKET
WICKET-4312,0,WICKET
WICKET-3733,0,WICKET
WICKET-3309,1,WICKET
WICKET-2251,1,WICKET
WICKET-1619,6,WICKET
WICKET-3301,1,WICKET
WICKET-2397,13,WICKET
WICKET-2396,0,WICKET
WICKET-2394,12,WICKET
WICKET-5793,11,WICKET
WICKET-5790,0,WICKET
WICKET-1021,3,WICKET
WICKET-2161,5,WICKET
WICKET-6007,1,WICKET
WICKET-5098,1,WICKET
WICKET-1695,11,WICKET
WICKET-6002,2,WICKET
WICKET-6001,2,WICKET
WICKET-4105,53,WICKET
WICKET-6160,2,WICKET
WICKET-6161,4,WICKET
WICKET-6165,1,WICKET
WICKET-2650,24,WICKET
WICKET-3832,1,WICKET
WICKET-6493,6,WICKET
WICKET-3958,0,WICKET
WICKET-382,2,WICKET
WICKET-2892,32,WICKET
WICKET-3372,2,WICKET
WICKET-5908,0,WICKET
WICKET-6277,1,WICKET
WICKET-4829,0,WICKET
WICKET-4827,11,WICKET
WICKET-3439,1,WICKET
WICKET-2027,0,WICKET
WICKET-4824,0,WICKET
WICKET-5924,2,WICKET
WICKET-1879,2,WICKET
WICKET-2022,0,WICKET
WICKET-2151,2,WICKET
WICKET-4173,3,WICKET
WICKET-4172,1,WICKET
WICKET-4175,1,WICKET
WICKET-5845,0,WICKET
WICKET-1521,9,WICKET
WICKET-4178,1,WICKET
WICKET-5486,2,WICKET
WICKET-2621,0,WICKET
WICKET-3954,0,WICKET
WICKET-4563,1,WICKET
WICKET-1442,0,WICKET
WICKET-901,2,WICKET
WICKET-5997,0,WICKET
WICKET-4777,2,WICKET
WICKET-4776,8,WICKET
WICKET-1444,0,WICKET
WICKET-1445,1,WICKET
WICKET-1886,1,WICKET
WICKET-5783,98,WICKET
WICKET-4346,11,WICKET
WICKET-2092,2,WICKET
WICKET-4379,1,WICKET
WICKET-2525,3,WICKET
WICKET-5994,1,WICKET
WICKET-5995,0,WICKET
WICKET-5996,1,WICKET
WICKET-2620,2,WICKET
WICKET-2156,10,WICKET
XALANJ-2424,0,XALANJ
XALANJ-2321,0,XALANJ
XALANJ-1497,15,XALANJ
XALANJ-2219,15,XALANJ
XALANJ-1887,0,XALANJ
XALANJ-2121,15,XALANJ
XALANJ-2108,1,XALANJ
XALANJ-2271,16,XALANJ
XALANJ-2154,44,XALANJ
XERCESJ-977,7,XERCESJ
XERCESJ-1167,1,XERCESJ
XERCESJ-971,1,XERCESJ
XERCESJ-1242,0,XERCESJ
XERCESJ-1006,1,XERCESJ
XERCESJ-1007,4,XERCESJ
XERCESJ-1247,0,XERCESJ
XERCESJ-589,30,XERCESJ
XERCESJ-1245,0,XERCESJ
XERCESJ-1248,1,XERCESJ
XERCESJ-1249,4,XERCESJ
XERCESJ-1334,0,XERCESJ
XERCESJ-1335,0,XERCESJ
XERCESJ-1089,0,XERCESJ
XERCESJ-1085,0,XERCESJ
XERCESJ-1080,7,XERCESJ
XERCESJ-1082,2,XERCESJ
XERCESJ-1083,0,XERCESJ
XERCESJ-682,26,XERCESJ
XERCESJ-865,10,XERCESJ
XERCESJ-206,40,XERCESJ
XERCESJ-981,1,XERCESJ
XERCESJ-980,1,XERCESJ
XERCESJ-1159,5,XERCESJ
XERCESJ-1016,1,XERCESJ
XERCESJ-1323,0,XERCESJ
XERCESJ-1010,1,XERCESJ
XERCESJ-1446,0,XERCESJ
XERCESJ-1097,1,XERCESJ
XERCESJ-1094,0,XERCESJ
XERCESJ-1090,0,XERCESJ
XERCESJ-506,30,XERCESJ
XERCESJ-1141,0,XERCESJ
XERCESJ-991,1,XERCESJ
XERCESJ-994,9,XERCESJ
XERCESJ-997,43,XERCESJ
XERCESJ-1220,0,XERCESJ
XERCESJ-1221,0,XERCESJ
XERCESJ-1223,0,XERCESJ
XERCESJ-1224,0,XERCESJ
XERCESJ-1209,0,XERCESJ
XERCESJ-919,1,XERCESJ
XERCESJ-1021,5,XERCESJ
XERCESJ-1025,1,XERCESJ
XERCESJ-950,1,XERCESJ
XERCESJ-1371,0,XERCESJ
XERCESJ-1582,2,XERCESJ
XERCESJ-1240,0,XERCESJ
XERCESJ-1667,14,XERCESJ
XERCESJ-1039,2,XERCESJ
XERCESJ-1233,0,XERCESJ
XERCESJ-1232,0,XERCESJ
XERCESJ-1231,0,XERCESJ
XERCESJ-1230,0,XERCESJ
XERCESJ-843,9,XERCESJ
XERCESJ-1235,0,XERCESJ
XERCESJ-1234,0,XERCESJ
XERCESJ-1134,2,XERCESJ
XERCESJ-1135,0,XERCESJ
XERCESJ-1137,0,XERCESJ
XERCESJ-1348,0,XERCESJ
XERCESJ-1385,1,XERCESJ
XERCESJ-735,22,XERCESJ
XERCESJ-944,0,XERCESJ
XERCESJ-1207,0,XERCESJ
XERCESJ-1229,1,XERCESJ
XERCESJ-1206,0,XERCESJ
XERCESJ-1079,7,XERCESJ
XERCESJ-1204,0,XERCESJ
XERCESJ-1202,0,XERCESJ
XERCESJ-1203,0,XERCESJ
XERCESJ-960,1,XERCESJ
XERCESJ-1377,1,XERCESJ
XERCESJ-1374,0,XERCESJ
XERCESJ-1375,0,XERCESJ
XERCESJ-1044,2,XERCESJ
XERCESJ-1047,2,XERCESJ
XERCESJ-1127,0,XERCESJ
XERCESJ-1126,1,XERCESJ
XERCESJ-1123,1,XERCESJ
XERCESJ-1128,0,XERCESJ
XERCESJ-701,21,XERCESJ
XERCESJ-967,1,XERCESJ
XERCESJ-1403,0,XERCESJ
XERCESJ-1059,2,XERCESJ
XERCESJ-1212,3,XERCESJ
XERCESJ-1218,0,XERCESJ
XERCESJ-947,0,XERCESJ
XERCESJ-1066,6,XERCESJ
XERCESJ-1111,0,XERCESJ
XERCESJ-1407,0,XERCESJ
XERCESJ-949,1,XERCESJ
XERCESJ-948,0,XERCESJ
XERCESJ-470,27,XERCESJ
XERCESJ-1394,0,XERCESJ
XERCESJ-1065,2,XERCESJ
XERCESJ-1062,2,XERCESJ
XERCESJ-1063,2,XERCESJ
XERCESJ-1061,6,XERCESJ
XERCESJ-1398,0,XERCESJ
XERCESJ-1068,4,XERCESJ
XERCESJ-1413,0,XERCESJ
XERCESJ-1265,0,XERCESJ
XERCESJ-1410,0,XERCESJ
XERCESJ-1260,0,XERCESJ
XERCESJ-815,14,XERCESJ
XERCESJ-816,13,XERCESJ
XERCESJ-1183,2,XERCESJ
XERCESJ-1228,0,XERCESJ
XERCESJ-954,1,XERCESJ
XERCESJ-1023,1,XERCESJ
XERCESJ-969,1,XERCESJ
XERCESJ-1073,2,XERCESJ
XERCESJ-1076,4,XERCESJ
XERCESJ-961,1,XERCESJ
XERCESJ-1078,2,XERCESJ
XERCESJ-962,1,XERCESJ
XERCESJ-1389,0,XERCESJ
XERCESJ-966,1,XERCESJ
XERCESJ-1309,0,XERCESJ
XERCESJ-1308,0,XERCESJ
XERCESJ-809,21,XERCESJ
XERCESJ-1278,0,XERCESJ
AVRO-86,2,AVRO
AVRO-759,3,AVRO
AVRO-755,6,AVRO
AVRO-994,0,AVRO
AVRO-997,25,AVRO
AVRO-996,0,AVRO
AVRO-1183,0,AVRO
AVRO-1355,0,AVRO
AVRO-1623,36,AVRO
AVRO-596,0,AVRO
AVRO-1966,0,AVRO
AVRO-912,13,AVRO
AVRO-1215,3,AVRO
AVRO-696,6,AVRO
AVRO-851,15,AVRO
AVRO-1498,0,AVRO
AVRO-1901,5,AVRO
AVRO-150,0,AVRO
AVRO-1908,42,AVRO
AVRO-609,2,AVRO
AVRO-761,8,AVRO
AVRO-1821,7,AVRO
AVRO-499,0,AVRO
AVRO-607,40,AVRO
AVRO-1500,1,AVRO
AVRO-1027,1,AVRO
AVRO-1348,19,AVRO
AVRO-962,16,AVRO
AVRO-688,5,AVRO
AVRO-1170,1,AVRO
AVRO-1512,18,AVRO
AVRO-775,8,AVRO
AVRO-671,5,AVRO
AVRO-573,2,AVRO
AVRO-1331,33,AVRO
AVRO-1334,36,AVRO
AVRO-1489,19,AVRO
AVRO-879,2,AVRO
AVRO-1128,26,AVRO
AVRO-978,19,AVRO
AVRO-1997,0,AVRO
AVRO-669,6,AVRO
AVRO-842,11,AVRO
AVRO-663,0,AVRO
AVRO-701,6,AVRO
AVRO-948,0,AVRO
AVRO-1000,19,AVRO
AVRO-1455,20,AVRO
AVRO-943,15,AVRO
AVRO-1715,22,AVRO
AVRO-1154,14,AVRO
AVRO-1493,41,AVRO
AVRO-1150,26,AVRO
AVRO-1652,0,AVRO
AVRO-786,10,AVRO
AVRO-1819,41,AVRO
AVRO-650,4,AVRO
AVRO-1780,39,AVRO
AVRO-1781,2,AVRO
AVRO-1465,16,AVRO
AVRO-710,0,AVRO
AVRO-1546,28,AVRO
AVRO-1929,5,AVRO
AVRO-951,3,AVRO
AVRO-1146,0,AVRO
AVRO-1316,33,AVRO
AVRO-1144,7,AVRO
AVRO-1099,24,AVRO
AVRO-1667,41,AVRO
AVRO-790,10,AVRO
AVRO-1869,0,AVRO
AVRO-1094,1,AVRO
AVRO-643,0,AVRO
AVRO-1473,35,AVRO
AVRO-1308,16,AVRO
AVRO-1576,1,AVRO
AVRO-1923,42,AVRO
AVRO-1266,9,AVRO
AVRO-1171,0,AVRO
AVRO-541,2,AVRO
AVRO-1175,0,AVRO
AVRO-942,16,AVRO
AVRO-1676,22,AVRO
AVRO-1069,25,AVRO
AVRO-1954,0,AVRO
AVRO-809,0,AVRO
AVRO-944,17,AVRO
AVRO-1445,18,AVRO
AVRO-1564,19,AVRO
AVRO-1119,5,AVRO
AVRO-1046,1,AVRO
AVRO-832,11,AVRO
AVRO-1374,0,AVRO
AVRO-1597,9,AVRO
AVRO-1970,0,AVRO
AVRO-1944,25,AVRO
AVRO-1454,0,AVRO
AVRO-906,13,AVRO
AVRO-1457,1,AVRO
AVRO-1458,0,AVRO
AVRO-743,1,AVRO
AVRO-589,2,AVRO
AVRO-824,11,AVRO
AVRO-820,4,AVRO
AVRO-1201,0,AVRO
AVRO-1972,0,AVRO
AVRO-1045,0,AVRO
AVRO-1596,33,AVRO
AVRO-1592,36,AVRO
AVRO-1111,2,AVRO
AVRO-1755,22,AVRO
AVRO-1598,33,AVRO
AVRO-1049,4,AVRO
AVRO-901,16,AVRO
CHUKWA-801,7,CHUKWA
CHUKWA-762,5,CHUKWA
CHUKWA-743,5,CHUKWA
CHUKWA-764,5,CHUKWA
CHUKWA-771,5,CHUKWA
CHUKWA-710,0,CHUKWA
CHUKWA-784,5,CHUKWA
FALCON-2273,26,FALCON
FALCON-2073,22,FALCON
FALCON-1859,22,FALCON
FALCON-2072,7,FALCON
FALCON-2057,4,FALCON
FALCON-2056,4,FALCON
FALCON-2097,26,FALCON
FALCON-2293,26,FALCON
FALCON-69,2,FALCON
FALCON-2280,26,FALCON
FALCON-2281,26,FALCON
FALCON-2292,26,FALCON
FALCON-2305,26,FALCON
FALCON-2290,26,FALCON
FALCON-2286,26,FALCON
FALCON-2287,26,FALCON
FALCON-2284,26,FALCON
FALCON-2263,26,FALCON
FALCON-206,4,FALCON
FALCON-1165,4,FALCON
FALCON-1604,0,FALCON
FALCON-1674,18,FALCON
FALCON-632,0,FALCON
FALCON-717,12,FALCON
FALCON-764,6,FALCON
FALCON-2047,7,FALCON
FALCON-123,5,FALCON
FALCON-773,0,FALCON
FALCON-610,0,FALCON
FALCON-1025,3,FALCON
FALCON-1446,5,FALCON
FALCON-1203,19,FALCON
FALCON-1273,1,FALCON
FALCON-1100,14,FALCON
FALCON-555,2,FALCON
FALCON-2113,16,FALCON
FALCON-2125,0,FALCON
FALCON-329,14,FALCON
FALCON-766,12,FALCON
FALCON-264,5,FALCON
FALCON-240,8,FALCON
FALCON-152,2,FALCON
FALCON-950,14,FALCON
FALCON-2259,5,FALCON
FALCON-2238,3,FALCON
FALCON-2224,3,FALCON
FALCON-2230,3,FALCON
FALCON-1852,22,FALCON
FALCON-2321,28,FALCON
FALCON-417,2,FALCON
FALCON-760,0,FALCON
FALCON-819,0,FALCON
FALCON-1398,17,FALCON
FALCON-1278,2,FALCON
FALCON-2060,12,FALCON
FALCON-2175,16,FALCON
FALCON-1312,2,FALCON
FALCON-127,2,FALCON
FALCON-2314,15,FALCON
FALCON-2133,10,FALCON
FALCON-2084,19,FALCON
FALCON-2028,3,FALCON
FALCON-2101,1,FALCON
FALCON-880,0,FALCON
FALCON-1371,2,FALCON
FALCON-1819,1,FALCON
FALCON-2095,5,FALCON
FALCON-2111,0,FALCON
FALCON-1867,0,FALCON
FALCON-1783,0,FALCON
FALCON-1931,12,FALCON
FALCON-677,11,FALCON
FALCON-1020,14,FALCON
FALCON-357,3,FALCON
FALCON-581,0,FALCON
FALCON-1978,16,FALCON
FALCON-1984,9,FALCON
FALCON-1101,0,FALCON
FALCON-2062,16,FALCON
FALCON-482,0,FALCON
FALCON-278,5,FALCON
FALCON-99,6,FALCON
FALCON-1384,2,FALCON
FALCON-2267,3,FALCON
FALCON-2221,3,FALCON
FALCON-2274,3,FALCON
FALCON-1332,2,FALCON
FALCON-1415,2,FALCON
FALCON-2075,4,FALCON
FALCON-2324,15,FALCON
FALCON-1429,2,FALCON
FALCON-2096,13,FALCON
FALCON-2229,3,FALCON
FALCON-2171,26,FALCON
FALCON-237,11,FALCON
FALCON-2049,22,FALCON
FALCON-1844,4,FALCON
FALCON-226,3,FALCON
FALCON-1074,14,FALCON
FALCON-1260,11,FALCON
FALCON-973,14,FALCON
FALCON-106,0,FALCON
FALCON-1365,5,FALCON
FALCON-65,1,FALCON
FALCON-302,3,FALCON
FALCON-976,4,FALCON
FALCON-1846,12,FALCON
FALCON-1569,11,FALCON
FALCON-622,0,FALCON
FALCON-1002,7,FALCON
FALCON-609,0,FALCON
FALCON-2080,3,FALCON
FALCON-2303,3,FALCON
FALCON-2147,5,FALCON
FALCON-2018,1,FALCON
FALCON-1908,16,FALCON
FALCON-483,0,FALCON
FALCON-159,2,FALCON
FALCON-1489,5,FALCON
FALCON-2017,4,FALCON
FALCON-55,0,FALCON
FALCON-566,9,FALCON
FALCON-1410,20,FALCON
FALCON-1382,2,FALCON
FALCON-681,0,FALCON
FALCON-873,0,FALCON
FALCON-2318,18,FALCON
FALCON-2010,9,FALCON
FALCON-1568,0,FALCON
FALCON-1024,14,FALCON
FALCON-1941,4,FALCON
FALCON-706,0,FALCON
FALCON-1339,2,FALCON
FALCON-60,5,FALCON
FALCON-1104,4,FALCON
FALCON-1311,1,FALCON
FALCON-213,0,FALCON
FALCON-1881,1,FALCON
FALCON-1584,0,FALCON
FALCON-1866,0,FALCON
FALCON-1266,5,FALCON
FALCON-38,1,FALCON
FALCON-1886,1,FALCON
FALCON-1338,2,FALCON
FALCON-1401,14,FALCON
FALCON-777,0,FALCON
FALCON-944,14,FALCON
FALCON-2177,4,FALCON
FALCON-1244,4,FALCON
FALCON-1399,1,FALCON
FALCON-597,0,FALCON
FALCON-1359,2,FALCON
FALCON-72,2,FALCON
FALCON-829,0,FALCON
FALCON-1462,5,FALCON
FALCON-937,4,FALCON
FALCON-1985,1,FALCON
FALCON-2146,1,FALCON
FALCON-1606,0,FALCON
FALCON-1825,1,FALCON
FALCON-1572,0,FALCON
FALCON-1840,7,FALCON
FALCON-2058,9,FALCON
FALCON-1793,3,FALCON
FALCON-1845,0,FALCON
FALCON-1143,14,FALCON
FALCON-460,2,FALCON
FALCON-2034,13,FALCON
FALCON-2298,8,FALCON
FALCON-561,3,FALCON
FALCON-2291,3,FALCON
FALCON-1605,0,FALCON
FALCON-1014,4,FALCON
FALCON-2116,5,FALCON
FALCON-1369,11,FALCON
FALCON-1329,17,FALCON
FALCON-109,11,FALCON
FALCON-1743,0,FALCON
FALCON-1064,10,FALCON
FALCON-1943,9,FALCON
FALCON-1259,2,FALCON
FALCON-978,1,FALCON
FALCON-694,0,FALCON
FALCON-2275,3,FALCON
FALCON-2276,3,FALCON
FALCON-1344,17,FALCON
FALCON-1838,1,FALCON
FALCON-2104,18,FALCON
FALCON-355,5,FALCON
FALCON-2035,12,FALCON
FALCON-1323,2,FALCON
FALCON-185,2,FALCON
FALCON-2203,3,FALCON
FALCON-2025,7,FALCON
FALCON-2325,5,FALCON
FALCON-1969,22,FALCON
FALCON-1372,3,FALCON
FALCON-323,5,FALCON
FALCON-459,2,FALCON
FALCON-1784,1,FALCON
FALCON-269,2,FALCON
FALCON-1621,7,FALCON
FALCON-2127,11,FALCON
FALCON-24,2,FALCON
FALCON-1974,22,FALCON
FALCON-124,3,FALCON
FALCON-297,5,FALCON
FALCON-2128,23,FALCON
FALCON-1127,8,FALCON
FALCON-298,14,FALCON
FALCON-917,1,FALCON
FALCON-2067,0,FALCON
FALCON-2279,3,FALCON
FALCON-619,0,FALCON
FALCON-52,0,FALCON
FALCON-2270,5,FALCON
FALCON-2088,22,FALCON
FALCON-1416,7,FALCON
FALCON-241,4,FALCON
GIRAPH-1015,6,GIRAPH
GIRAPH-309,0,GIRAPH
GIRAPH-302,0,GIRAPH
GIRAPH-576,0,GIRAPH
GIRAPH-708,4,GIRAPH
GIRAPH-386,0,GIRAPH
GIRAPH-675,3,GIRAPH
GIRAPH-702,3,GIRAPH
GIRAPH-389,0,GIRAPH
GIRAPH-860,4,GIRAPH
GIRAPH-267,0,GIRAPH
GIRAPH-983,1,GIRAPH
GIRAPH-1009,6,GIRAPH
GIRAPH-233,0,GIRAPH
GIRAPH-297,0,GIRAPH
GIRAPH-560,3,GIRAPH
GIRAPH-647,3,GIRAPH
GIRAPH-739,4,GIRAPH
GIRAPH-736,4,GIRAPH
GIRAPH-1091,2,GIRAPH
GIRAPH-972,7,GIRAPH
GIRAPH-977,2,GIRAPH
GIRAPH-871,3,GIRAPH
GIRAPH-896,3,GIRAPH
GIRAPH-551,0,GIRAPH
GIRAPH-658,3,GIRAPH
GIRAPH-732,4,GIRAPH
GIRAPH-653,3,GIRAPH
GIRAPH-651,3,GIRAPH
GIRAPH-650,3,GIRAPH
GIRAPH-657,3,GIRAPH
GIRAPH-655,4,GIRAPH
GIRAPH-722,3,GIRAPH
GIRAPH-725,3,GIRAPH
GIRAPH-724,3,GIRAPH
GIRAPH-805,3,GIRAPH
GIRAPH-1083,6,GIRAPH
GIRAPH-499,0,GIRAPH
GIRAPH-960,5,GIRAPH
GIRAPH-963,1,GIRAPH
GIRAPH-962,7,GIRAPH
GIRAPH-967,1,GIRAPH
GIRAPH-492,0,GIRAPH
GIRAPH-494,0,GIRAPH
GIRAPH-497,0,GIRAPH
GIRAPH-218,0,GIRAPH
GIRAPH-212,0,GIRAPH
GIRAPH-1103,6,GIRAPH
GIRAPH-543,0,GIRAPH
GIRAPH-355,0,GIRAPH
GIRAPH-903,5,GIRAPH
GIRAPH-624,3,GIRAPH
GIRAPH-311,3,GIRAPH
GIRAPH-293,0,GIRAPH
GIRAPH-819,3,GIRAPH
GIRAPH-296,0,GIRAPH
GIRAPH-423,0,GIRAPH
GIRAPH-1039,6,GIRAPH
GIRAPH-1036,6,GIRAPH
GIRAPH-187,0,GIRAPH
GIRAPH-1058,6,GIRAPH
GIRAPH-1115,1,GIRAPH
GIRAPH-705,3,GIRAPH
GIRAPH-438,0,GIRAPH
GIRAPH-627,0,GIRAPH
GIRAPH-433,0,GIRAPH
GIRAPH-634,2,GIRAPH
GIRAPH-630,1,GIRAPH
GIRAPH-435,0,GIRAPH
GIRAPH-530,0,GIRAPH
GIRAPH-746,3,GIRAPH
GIRAPH-536,0,GIRAPH
GIRAPH-825,3,GIRAPH
GIRAPH-742,3,GIRAPH
GIRAPH-947,4,GIRAPH
GIRAPH-945,4,GIRAPH
GIRAPH-1028,1,GIRAPH
GIRAPH-1020,6,GIRAPH
GIRAPH-424,0,GIRAPH
GIRAPH-276,0,GIRAPH
GIRAPH-1070,7,GIRAPH
GIRAPH-778,3,GIRAPH
GIRAPH-373,0,GIRAPH
GIRAPH-752,3,GIRAPH
GIRAPH-444,0,GIRAPH
GIRAPH-773,3,GIRAPH
GIRAPH-688,3,GIRAPH
GIRAPH-836,3,GIRAPH
GIRAPH-834,3,GIRAPH
GIRAPH-833,4,GIRAPH
GIRAPH-831,4,GIRAPH
GIRAPH-830,3,GIRAPH
GIRAPH-682,0,GIRAPH
GIRAPH-683,4,GIRAPH
GIRAPH-839,3,GIRAPH
GIRAPH-838,4,GIRAPH
GIRAPH-241,0,GIRAPH
GIRAPH-1075,2,GIRAPH
GIRAPH-1077,6,GIRAPH
GIRAPH-366,0,GIRAPH
GIRAPH-456,0,GIRAPH
GIRAPH-761,3,GIRAPH
GIRAPH-587,0,GIRAPH
GIRAPH-698,3,GIRAPH
GIRAPH-208,0,GIRAPH
GIRAPH-693,4,GIRAPH
GIRAPH-519,0,GIRAPH
GIRAPH-595,0,GIRAPH
GIRAPH-592,3,GIRAPH
GIRAPH-319,0,GIRAPH
GIRAPH-1069,6,GIRAPH
GIRAPH-259,0,GIRAPH
GIRAPH-258,0,GIRAPH
GIRAPH-589,0,GIRAPH
GIRAPH-505,0,GIRAPH
GIRAPH-718,3,GIRAPH
GIRAPH-666,3,GIRAPH
GIRAPH-915,3,GIRAPH
GIRAPH-717,3,GIRAPH
GIRAPH-850,4,GIRAPH
GIRAPH-853,3,GIRAPH
GIRAPH-855,3,GIRAPH
GIRAPH-992,6,GIRAPH
IVY-272,2,IVY
IVY-1253,10,IVY
IVY-89,0,IVY
IVY-1096,0,IVY
IVY-1465,0,IVY
IVY-1012,3,IVY
IVY-1152,2,IVY
IVY-779,0,IVY
IVY-652,2,IVY
IVY-656,0,IVY
IVY-974,3,IVY
IVY-975,0,IVY
IVY-1213,0,IVY
IVY-970,4,IVY
IVY-1199,6,IVY
IVY-1309,1,IVY
IVY-579,2,IVY
IVY-1301,9,IVY
IVY-1300,0,IVY
IVY-1475,0,IVY
IVY-982,5,IVY
IVY-1028,3,IVY
IVY-1227,0,IVY
IVY-1229,4,IVY
IVY-471,0,IVY
IVY-1478,0,IVY
IVY-537,2,IVY
IVY-864,2,IVY
IVY-861,2,IVY
IVY-1355,3,IVY
IVY-1336,4,IVY
IVY-682,1,IVY
IVY-1233,0,IVY
IVY-992,5,IVY
IVY-501,2,IVY
IVY-1234,0,IVY
IVY-1036,5,IVY
IVY-465,2,IVY
IVY-1400,1,IVY
IVY-1404,1,IVY
IVY-1131,0,IVY
IVY-1133,0,IVY
IVY-678,2,IVY
IVY-1482,0,IVY
IVY-1483,1,IVY
IVY-1321,4,IVY
IVY-1320,0,IVY
IVY-595,2,IVY
IVY-940,0,IVY
IVY-592,2,IVY
IVY-514,0,IVY
IVY-696,0,IVY
IVY-931,0,IVY
IVY-924,0,IVY
IVY-752,0,IVY
IVY-751,0,IVY
IVY-1206,0,IVY
IVY-926,3,IVY
IVY-297,2,IVY
IVY-920,1,IVY
IVY-923,3,IVY
IVY-1120,0,IVY
IVY-1041,5,IVY
IVY-1282,4,IVY
IVY-928,3,IVY
IVY-1128,0,IVY
IVY-1498,15,IVY
IVY-681,0,IVY
IVY-105,2,IVY
IVY-995,2,IVY
IVY-1495,0,IVY
IVY-440,2,IVY
IVY-755,1,IVY
IVY-1212,0,IVY
IVY-1457,11,IVY
IVY-1118,0,IVY
IVY-1123,8,IVY
IVY-1356,0,IVY
IVY-1357,0,IVY
IVY-1111,0,IVY
IVY-726,1,IVY
IVY-1424,13,IVY
IVY-1058,0,IVY
IVY-1423,13,IVY
IVY-1420,1,IVY
IVY-1052,4,IVY
IVY-639,0,IVY
IVY-1412,13,IVY
IVY-633,2,IVY
IVY-637,1,IVY
IVY-708,0,IVY
IVY-437,2,IVY
IVY-1438,2,IVY
IVY-731,2,IVY
IVY-736,6,IVY
IVY-1102,7,IVY
IVY-1069,0,IVY
IVY-743,0,IVY
IVY-1060,5,IVY
IVY-232,2,IVY
IVY-825,2,IVY
IVY-949,0,IVY
IVY-948,1,IVY
IVY-929,0,IVY
IVY-1272,0,IVY
IVY-1376,0,IVY
IVY-1448,1,IVY
IVY-1444,1,IVY
IVY-541,2,IVY
IVY-1378,9,IVY
IVY-814,0,IVY
IVY-816,0,IVY
IVY-1526,12,IVY
IVY-389,1,IVY
IVY-956,4,IVY
IVY-950,0,IVY
IVY-951,3,IVY
IVY-952,1,IVY
IVY-578,2,IVY
IVY-716,2,IVY
IVY-717,1,IVY
IVY-1362,0,IVY
IVY-1083,0,IVY
IVY-1454,13,IVY
IVY-886,0,IVY
IVY-884,0,IVY
IVY-1006,5,IVY
IVY-1007,2,IVY
IVY-1165,0,IVY
IVY-961,3,IVY
IVY-968,3,IVY
IVY-787,2,IVY
IVY-780,0,IVY
OPENJPA-719,1,OPENJPA
OPENJPA-2257,11,OPENJPA
OPENJPA-715,4,OPENJPA
OPENJPA-714,4,OPENJPA
OPENJPA-489,1,OPENJPA
OPENJPA-2094,17,OPENJPA
OPENJPA-485,5,OPENJPA
OPENJPA-484,0,OPENJPA
OPENJPA-1809,1,OPENJPA
OPENJPA-1800,1,OPENJPA
OPENJPA-1201,1,OPENJPA
OPENJPA-2596,0,OPENJPA
OPENJPA-396,0,OPENJPA
OPENJPA-395,0,OPENJPA
OPENJPA-1380,0,OPENJPA
OPENJPA-547,3,OPENJPA
OPENJPA-1383,0,OPENJPA
OPENJPA-542,2,OPENJPA
OPENJPA-543,2,OPENJPA
OPENJPA-1386,0,OPENJPA
OPENJPA-1387,5,OPENJPA
OPENJPA-1388,2,OPENJPA
OPENJPA-625,0,OPENJPA
OPENJPA-622,0,OPENJPA
OPENJPA-2626,0,OPENJPA
OPENJPA-1939,6,OPENJPA
OPENJPA-973,7,OPENJPA
OPENJPA-1477,1,OPENJPA
OPENJPA-1379,0,OPENJPA
OPENJPA-1375,0,OPENJPA
OPENJPA-1377,0,OPENJPA
OPENJPA-1376,8,OPENJPA
OPENJPA-1371,0,OPENJPA
OPENJPA-1370,0,OPENJPA
OPENJPA-304,0,OPENJPA
OPENJPA-303,0,OPENJPA
OPENJPA-1458,1,OPENJPA
OPENJPA-439,2,OPENJPA
OPENJPA-1550,12,OPENJPA
OPENJPA-1496,0,OPENJPA
OPENJPA-437,1,OPENJPA
OPENJPA-533,3,OPENJPA
OPENJPA-24,1,OPENJPA
OPENJPA-287,0,OPENJPA
OPENJPA-281,0,OPENJPA
OPENJPA-282,1,OPENJPA
OPENJPA-1988,3,OPENJPA
OPENJPA-2132,2,OPENJPA
OPENJPA-2133,0,OPENJPA
OPENJPA-2131,0,OPENJPA
OPENJPA-1986,6,OPENJPA
OPENJPA-51,3,OPENJPA
OPENJPA-1599,3,OPENJPA
OPENJPA-993,2,OPENJPA
OPENJPA-2525,0,OPENJPA
OPENJPA-1725,6,OPENJPA
OPENJPA-2357,0,OPENJPA
OPENJPA-2355,19,OPENJPA
OPENJPA-750,2,OPENJPA
OPENJPA-2055,1,OPENJPA
OPENJPA-2056,3,OPENJPA
OPENJPA-368,1,OPENJPA
OPENJPA-1794,7,OPENJPA
OPENJPA-1657,8,OPENJPA
OPENJPA-1097,5,OPENJPA
OPENJPA-1120,3,OPENJPA
OPENJPA-1121,3,OPENJPA
OPENJPA-1308,2,OPENJPA
OPENJPA-2557,0,OPENJPA
OPENJPA-1294,4,OPENJPA
OPENJPA-2221,4,OPENJPA
OPENJPA-2227,4,OPENJPA
OPENJPA-1870,3,OPENJPA
OPENJPA-375,0,OPENJPA
OPENJPA-1979,13,OPENJPA
OPENJPA-379,1,OPENJPA
OPENJPA-378,0,OPENJPA
OPENJPA-1975,0,OPENJPA
OPENJPA-1873,3,OPENJPA
OPENJPA-933,1,OPENJPA
OPENJPA-932,1,OPENJPA
OPENJPA-2705,9,OPENJPA
OPENJPA-1578,2,OPENJPA
OPENJPA-1234,1,OPENJPA
OPENJPA-335,0,OPENJPA
OPENJPA-579,0,OPENJPA
OPENJPA-573,0,OPENJPA
OPENJPA-339,1,OPENJPA
OPENJPA-674,5,OPENJPA
OPENJPA-677,1,OPENJPA
OPENJPA-678,1,OPENJPA
OPENJPA-679,5,OPENJPA
OPENJPA-2174,1,OPENJPA
OPENJPA-1584,5,OPENJPA
OPENJPA-1583,10,OPENJPA
OPENJPA-1580,0,OPENJPA
OPENJPA-1581,3,OPENJPA
OPENJPA-1424,0,OPENJPA
OPENJPA-1588,2,OPENJPA
OPENJPA-278,0,OPENJPA
OPENJPA-274,0,OPENJPA
OPENJPA-272,0,OPENJPA
OPENJPA-1568,11,OPENJPA
OPENJPA-1569,2,OPENJPA
OPENJPA-1565,11,OPENJPA
OPENJPA-1562,5,OPENJPA
OPENJPA-2011,0,OPENJPA
OPENJPA-2010,0,OPENJPA
OPENJPA-401,1,OPENJPA
OPENJPA-2018,5,OPENJPA
OPENJPA-1163,7,OPENJPA
OPENJPA-1695,9,OPENJPA
OPENJPA-1168,2,OPENJPA
OPENJPA-1515,0,OPENJPA
OPENJPA-2517,5,OPENJPA
OPENJPA-2260,1,OPENJPA
OPENJPA-2304,11,OPENJPA
OPENJPA-2300,6,OPENJPA
OPENJPA-2065,0,OPENJPA
OPENJPA-2066,13,OPENJPA
OPENJPA-497,2,OPENJPA
OPENJPA-1768,2,OPENJPA
OPENJPA-1830,1,OPENJPA
OPENJPA-1831,1,OPENJPA
OPENJPA-518,0,OPENJPA
OPENJPA-2423,4,OPENJPA
OPENJPA-470,2,OPENJPA
OPENJPA-2318,3,OPENJPA
OPENJPA-1392,0,OPENJPA
OPENJPA-1391,0,OPENJPA
OPENJPA-1390,0,OPENJPA
OPENJPA-1397,0,OPENJPA
OPENJPA-1396,0,OPENJPA
OPENJPA-2124,3,OPENJPA
OPENJPA-630,1,OPENJPA
OPENJPA-1901,3,OPENJPA
OPENJPA-9,3,OPENJPA
OPENJPA-1461,1,OPENJPA
OPENJPA-1460,2,OPENJPA
OPENJPA-1993,16,OPENJPA
OPENJPA-1467,3,OPENJPA
OPENJPA-1302,3,OPENJPA
OPENJPA-331,2,OPENJPA
OPENJPA-2288,1,OPENJPA
OPENJPA-2284,3,OPENJPA
OPENJPA-2286,3,OPENJPA
OPENJPA-2287,3,OPENJPA
OPENJPA-1524,1,OPENJPA
OPENJPA-231,4,OPENJPA
OPENJPA-1486,0,OPENJPA
OPENJPA-1483,0,OPENJPA
OPENJPA-1482,2,OPENJPA
OPENJPA-525,6,OPENJPA
OPENJPA-526,12,OPENJPA
OPENJPA-295,0,OPENJPA
OPENJPA-528,3,OPENJPA
OPENJPA-1995,16,OPENJPA
OPENJPA-1994,8,OPENJPA
OPENJPA-2646,0,OPENJPA
OPENJPA-628,1,OPENJPA
OPENJPA-1002,3,OPENJPA
OPENJPA-1410,3,OPENJPA
OPENJPA-1413,0,OPENJPA
OPENJPA-1630,2,OPENJPA
OPENJPA-1631,2,OPENJPA
OPENJPA-2341,5,OPENJPA
OPENJPA-2343,1,OPENJPA
OPENJPA-740,5,OPENJPA
OPENJPA-1702,7,OPENJPA
OPENJPA-2022,5,OPENJPA
OPENJPA-845,2,OPENJPA
OPENJPA-594,0,OPENJPA
OPENJPA-597,0,OPENJPA
OPENJPA-590,3,OPENJPA
OPENJPA-1648,5,OPENJPA
OPENJPA-1641,4,OPENJPA
OPENJPA-1644,5,OPENJPA
OPENJPA-1646,3,OPENJPA
OPENJPA-2463,6,OPENJPA
OPENJPA-2467,0,OPENJPA
OPENJPA-2547,0,OPENJPA
OPENJPA-2233,6,OPENJPA
OPENJPA-2335,16,OPENJPA
OPENJPA-2336,19,OPENJPA
OPENJPA-2330,0,OPENJPA
OPENJPA-540,2,OPENJPA
OPENJPA-1944,6,OPENJPA
OPENJPA-1943,0,OPENJPA
OPENJPA-1226,7,OPENJPA
OPENJPA-565,0,OPENJPA
OPENJPA-567,0,OPENJPA
OPENJPA-645,0,OPENJPA
OPENJPA-647,0,OPENJPA
OPENJPA-392,1,OPENJPA
OPENJPA-2163,2,OPENJPA
OPENJPA-2600,0,OPENJPA
OPENJPA-2601,1,OPENJPA
OPENJPA-2605,2,OPENJPA
OPENJPA-1597,12,OPENJPA
OPENJPA-1596,3,OPENJPA
OPENJPA-28,5,OPENJPA
OPENJPA-859,0,OPENJPA
OPENJPA-1452,0,OPENJPA
OPENJPA-241,4,OPENJPA
OPENJPA-369,0,OPENJPA
OPENJPA-245,4,OPENJPA
OPENJPA-1352,0,OPENJPA
OPENJPA-1351,0,OPENJPA
OPENJPA-248,0,OPENJPA
OPENJPA-360,0,OPENJPA
OPENJPA-361,0,OPENJPA
OPENJPA-366,0,OPENJPA
OPENJPA-367,0,OPENJPA
OPENJPA-1670,3,OPENJPA
OPENJPA-1678,9,OPENJPA
OPENJPA-1814,5,OPENJPA
OPENJPA-1575,11,OPENJPA
OPENJPA-1573,3,OPENJPA
OPENJPA-1570,3,OPENJPA
OPENJPA-410,0,OPENJPA
OPENJPA-143,0,OPENJPA
OPENJPA-1491,1,OPENJPA
OPENJPA-413,0,OPENJPA
OPENJPA-416,1,OPENJPA
OPENJPA-419,1,OPENJPA
OPENJPA-2118,4,OPENJPA
OPENJPA-1686,13,OPENJPA
OPENJPA-2110,8,OPENJPA
OPENJPA-2508,0,OPENJPA
OPENJPA-1704,3,OPENJPA
OPENJPA-2502,2,OPENJPA
OPENJPA-2507,3,OPENJPA
OPENJPA-2506,6,OPENJPA
OPENJPA-2505,5,OPENJPA
OPENJPA-2374,1,OPENJPA
OPENJPA-2377,13,OPENJPA
OPENJPA-2072,10,OPENJPA
OPENJPA-2437,13,OPENJPA
OPENJPA-2435,4,OPENJPA
OPENJPA-207,5,OPENJPA
OPENJPA-353,0,OPENJPA
OPENJPA-602,0,OPENJPA
OPENJPA-357,2,OPENJPA
OPENJPA-356,1,OPENJPA
OPENJPA-355,0,OPENJPA
OPENJPA-359,2,OPENJPA
OPENJPA-1911,5,OPENJPA
OPENJPA-1912,1,OPENJPA
OPENJPA-1295,3,OPENJPA
OPENJPA-1856,1,OPENJPA
OPENJPA-815,1,OPENJPA
OPENJPA-2482,4,OPENJPA
OPENJPA-1253,1,OPENJPA
OPENJPA-200,2,OPENJPA
OPENJPA-1691,5,OPENJPA
OPENJPA-321,0,OPENJPA
OPENJPA-86,0,OPENJPA
OPENJPA-458,1,OPENJPA
OPENJPA-1536,1,OPENJPA
OPENJPA-1535,7,OPENJPA
OPENJPA-455,1,OPENJPA
OPENJPA-516,1,OPENJPA
OPENJPA-698,5,OPENJPA
OPENJPA-699,4,OPENJPA
OPENJPA-696,20,OPENJPA
OPENJPA-692,5,OPENJPA
OPENJPA-693,5,OPENJPA
OPENJPA-2158,0,OPENJPA
OPENJPA-70,0,OPENJPA
OPENJPA-75,5,OPENJPA
OPENJPA-2650,3,OPENJPA
OPENJPA-1401,0,OPENJPA
OPENJPA-1400,0,OPENJPA
OPENJPA-1409,8,OPENJPA
OPENJPA-1743,3,OPENJPA
OPENJPA-1746,3,OPENJPA
OPENJPA-1626,9,OPENJPA
OPENJPA-2036,0,OPENJPA
OPENJPA-581,0,OPENJPA
OPENJPA-586,2,OPENJPA
OPENJPA-589,2,OPENJPA
OPENJPA-2478,0,OPENJPA
OPENJPA-2472,0,OPENJPA
OPENJPA-2470,6,OPENJPA
OPENJPA-2476,5,OPENJPA
OPENJPA-2475,4,OPENJPA
OPENJPA-2244,3,OPENJPA
OPENJPA-2247,2,OPENJPA
OPENJPA-2321,11,OPENJPA
OPENJPA-2320,11,OPENJPA
OPENJPA-2328,1,OPENJPA
OPENJPA-1954,6,OPENJPA
OPENJPA-1959,6,OPENJPA
OPENJPA-1811,1,OPENJPA
OPENJPA-2684,3,OPENJPA
OPENJPA-916,1,OPENJPA
OPENJPA-607,3,OPENJPA
OPENJPA-1928,8,OPENJPA
OPENJPA-1218,1,OPENJPA
OPENJPA-705,5,OPENJPA
OPENJPA-2391,21,OPENJPA
OPENJPA-552,0,OPENJPA
OPENJPA-554,0,OPENJPA
OPENJPA-557,2,OPENJPA
OPENJPA-385,0,OPENJPA
OPENJPA-386,7,OPENJPA
OPENJPA-387,0,OPENJPA
OPENJPA-382,1,OPENJPA
OPENJPA-388,0,OPENJPA
OPENJPA-2199,4,OPENJPA
OPENJPA-867,11,OPENJPA
OPENJPA-2617,0,OPENJPA
OPENJPA-1442,0,OPENJPA
OPENJPA-1360,1,OPENJPA
OPENJPA-1367,4,OPENJPA
OPENJPA-251,2,OPENJPA
OPENJPA-314,0,OPENJPA
OPENJPA-313,0,OPENJPA
OPENJPA-258,2,OPENJPA
OPENJPA-1662,7,OPENJPA
OPENJPA-1542,1,OPENJPA
OPENJPA-1668,7,OPENJPA
OPENJPA-420,1,OPENJPA
OPENJPA-423,1,OPENJPA
OPENJPA-981,1,OPENJPA
OPENJPA-2107,1,OPENJPA
OPENJPA-1142,0,OPENJPA
OPENJPA-2102,1,OPENJPA
OPENJPA-1067,1,OPENJPA
OPENJPA-1061,1,OPENJPA
OPENJPA-44,5,OPENJPA
OPENJPA-2533,0,OPENJPA
OPENJPA-2539,7,OPENJPA
OPENJPA-2369,0,OPENJPA
OPENJPA-2044,1,OPENJPA
OPENJPA-1787,0,OPENJPA
OPENJPA-311,0,OPENJPA
OPENJPA-1788,1,OPENJPA
OPENJPA-2400,21,OPENJPA
OPENJPA-2405,16,OPENJPA
OPENJPA-340,4,OPENJPA
OPENJPA-617,4,OPENJPA
OPENJPA-612,4,OPENJPA
OPENJPA-347,0,OPENJPA
OPENJPA-349,3,OPENJPA
OPENJPA-2298,0,OPENJPA
OPENJPA-828,4,OPENJPA
OPENJPA-947,3,OPENJPA
OPENJPA-944,7,OPENJPA
OPENJPA-1248,4,OPENJPA
OPENJPA-1328,1,OPENJPA
OPENJPA-508,1,OPENJPA
OPENJPA-462,2,OPENJPA
OPENJPA-466,6,OPENJPA
OPENJPA-662,4,OPENJPA
OPENJPA-660,4,OPENJPA
OPENJPA-665,5,OPENJPA
OPENJPA-664,5,OPENJPA
OPENJPA-1464,1,OPENJPA
OPENJPA-459,7,OPENJPA
OPENJPA-2146,4,OPENJPA
OPENJPA-1185,0,OPENJPA
OPENJPA-1020,0,OPENJPA
OPENJPA-2149,2,OPENJPA
OPENJPA-1432,0,OPENJPA
OPENJPA-1431,0,OPENJPA
OPENJPA-1435,0,OPENJPA
OPENJPA-1756,13,OPENJPA
OPENJPA-1613,1,OPENJPA
OPENJPA-761,1,OPENJPA
OPENJPA-2007,2,OPENJPA
OPENJPA-2000,0,OPENJPA
OPENJPA-165,0,OPENJPA
OPENJPA-1503,8,OPENJPA
OPENJPA-1054,7,OPENJPA
OPENJPA-1504,0,OPENJPA
OPENJPA-1501,3,OPENJPA
OPENJPA-1051,7,OPENJPA
OPENJPA-1500,5,OPENJPA
OPENJPA-1053,3,OPENJPA
PROTON-954,12,PROTON
PROTON-1290,5,PROTON
PROTON-394,0,PROTON
PROTON-97,0,PROTON
PROTON-393,0,PROTON
PROTON-354,0,PROTON
PROTON-501,2,PROTON
PROTON-293,0,PROTON
PROTON-495,3,PROTON
PROTON-336,0,PROTON
PROTON-1107,4,PROTON
PROTON-474,1,PROTON
PROTON-331,0,PROTON
PROTON-276,0,PROTON
PROTON-359,0,PROTON
PROTON-278,1,PROTON
PROTON-1249,2,PROTON
PROTON-543,1,PROTON
PROTON-1171,0,PROTON
PROTON-350,0,PROTON
PROTON-271,0,PROTON
PROTON-1243,1,PROTON
PROTON-318,0,PROTON
PROTON-834,1,PROTON
PROTON-966,0,PROTON
PROTON-861,0,PROTON
PROTON-965,0,PROTON
PROTON-962,0,PROTON
PROTON-685,0,PROTON
PROTON-843,4,PROTON
PROTON-842,0,PROTON
PROTON-844,10,PROTON
PROTON-1133,1,PROTON
PROTON-1114,0,PROTON
PROTON-517,2,PROTON
PROTON-1100,0,PROTON
PROTON-200,1,PROTON
PROTON-838,5,PROTON
PROTON-713,16,PROTON
PROTON-1275,2,PROTON
PROTON-440,0,PROTON
PROTON-958,0,PROTON
PROTON-403,0,PROTON
PROTON-428,1,PROTON
PROTON-833,1,PROTON
PROTON-971,1,PROTON
PROTON-811,1,PROTON
PROTON-694,3,PROTON
PROTON-955,0,PROTON
PROTON-877,11,PROTON
PROTON-340,0,PROTON
PROTON-937,5,PROTON
PROTON-936,11,PROTON
SSHD-57,1,SSHD
SSHD-56,2,SSHD
SSHD-238,7,SSHD
SSHD-54,0,SSHD
SSHD-53,1,SSHD
SSHD-333,2,SSHD
SSHD-330,2,SSHD
SSHD-138,2,SSHD
SSHD-335,6,SSHD
SSHD-133,4,SSHD
SSHD-132,0,SSHD
SSHD-504,0,SSHD
SSHD-743,2,SSHD
SSHD-634,0,SSHD
SSHD-633,0,SSHD
SSHD-749,1,SSHD
SSHD-28,0,SSHD
SSHD-587,15,SSHD
SSHD-224,7,SSHD
SSHD-329,8,SSHD
SSHD-221,7,SSHD
SSHD-44,0,SSHD
SSHD-307,1,SSHD
SSHD-304,0,SSHD
SSHD-301,1,SSHD
SSHD-753,6,SSHD
SSHD-752,1,SSHD
SSHD-755,2,SSHD
SSHD-101,0,SSHD
SSHD-621,15,SSHD
SSHD-622,15,SSHD
SSHD-625,0,SSHD
SSHD-624,14,SSHD
SSHD-388,5,SSHD
SSHD-629,0,SSHD
SSHD-145,0,SSHD
SSHD-591,15,SSHD
SSHD-595,0,SSHD
SSHD-79,1,SSHD
SSHD-73,2,SSHD
SSHD-74,2,SSHD
SSHD-317,3,SSHD
SSHD-316,0,SSHD
SSHD-250,8,SSHD
SSHD-728,0,SSHD
SSHD-256,1,SSHD
SSHD-725,3,SSHD
SSHD-721,3,SSHD
SSHD-526,0,SSHD
SSHD-651,1,SSHD
SSHD-157,3,SSHD
SSHD-528,14,SSHD
SSHD-123,2,SSHD
SSHD-538,11,SSHD
SSHD-738,3,SSHD
SSHD-737,7,SSHD
SSHD-734,3,SSHD
SSHD-732,0,SSHD
SSHD-731,0,SSHD
SSHD-730,6,SSHD
SSHD-646,0,SSHD
SSHD-433,0,SSHD
SSHD-642,0,SSHD
SSHD-168,2,SSHD
SSHD-438,11,SSHD
SSHD-840,9,SSHD
SSHD-843,2,SSHD
SSHD-129,2,SSHD
SSHD-291,0,SSHD
SSHD-270,0,SSHD
SSHD-705,3,SSHD
SSHD-544,0,SSHD
SSHD-278,0,SSHD
SSHD-94,0,SSHD
SSHD-179,0,SSHD
SSHD-786,4,SSHD
SSHD-64,1,SSHD
SSHD-93,0,SSHD
SSHD-69,9,SSHD
SSHD-269,0,SSHD
SSHD-340,11,SSHD
SSHD-188,7,SSHD
SSHD-347,4,SSHD
SSHD-186,1,SSHD
SSHD-264,5,SSHD
SSHD-716,0,SSHD
SSHD-558,15,SSHD
SSHD-667,3,SSHD
SSHD-554,1,SSHD
SSHD-85,19,SSHD
SSHD-663,1,SSHD
SSHD-174,3,SSHD
SSHD-827,2,SSHD
SSHD-792,1,SSHD
SSHD-839,10,SSHD
SSHD-355,0,SSHD
SSHD-357,12,SSHD
SSHD-177,3,SSHD
SSHD-197,0,SSHD
SSHD-190,7,SSHD
SSHD-760,2,SSHD
SSHD-813,1,SSHD
SSHD-296,0,SSHD
SSHD-112,2,SSHD
SSHD-292,0,SSHD
SSHD-611,9,SSHD
SSHD-612,0,SSHD
SSHD-348,3,SSHD
SSHD-294,0,SSHD
SSHD-209,7,SSHD
SSHD-116,1,SSHD
SSHD-576,0,SSHD
SSHD-572,7,SSHD
SSHD-120,0,SSHD
SSHD-126,5,SSHD
SSHD-765,0,SSHD
SSHD-609,15,SSHD
SSHD-801,23,SSHD
SSHD-776,0,SSHD
SSHD-774,3,SSHD
SSHD-39,0,SSHD
SSHD-38,0,SSHD
SSHD-34,0,SSHD
SSHD-33,0,SSHD
STORM-1587,1,STORM
STORM-1934,1,STORM
STORM-2432,1,STORM
STORM-2771,28,STORM
STORM-1773,1,STORM
STORM-1771,8,STORM
STORM-1676,2,STORM
STORM-1674,8,STORM
STORM-3129,2,STORM
STORM-837,10,STORM
STORM-2435,9,STORM
STORM-527,11,STORM
STORM-2028,27,STORM
STORM-297,6,STORM
STORM-3120,34,STORM
STORM-3124,16,STORM
STORM-2023,2,STORM
STORM-933,1,STORM
STORM-3127,5,STORM
STORM-3043,0,STORM
STORM-3042,18,STORM
STORM-2976,7,STORM
STORM-2979,0,STORM
STORM-2742,2,STORM
STORM-203,23,STORM
STORM-2505,25,STORM
STORM-3194,5,STORM
STORM-635,11,STORM
STORM-630,11,STORM
STORM-1853,1,STORM
STORM-742,3,STORM
STORM-2231,6,STORM
STORM-1859,20,STORM
STORM-2234,5,STORM
STORM-2724,0,STORM
STORM-3213,10,STORM
STORM-2064,4,STORM
STORM-2489,3,STORM
STORM-2334,24,STORM
STORM-2722,0,STORM
STORM-596,12,STORM
STORM-285,5,STORM
STORM-2748,4,STORM
STORM-449,1,STORM
STORM-113,6,STORM
STORM-2240,0,STORM
STORM-2655,20,STORM
STORM-852,1,STORM
STORM-1405,5,STORM
STORM-2320,21,STORM
STORM-2323,23,STORM
STORM-2853,2,STORM
STORM-2856,4,STORM
STORM-2993,31,STORM
STORM-2859,10,STORM
STORM-2994,0,STORM
STORM-3251,8,STORM
STORM-3254,10,STORM
STORM-2412,0,STORM
STORM-417,8,STORM
STORM-1217,1,STORM
STORM-1578,1,STORM
STORM-3126,10,STORM
STORM-1535,4,STORM
STORM-3224,12,STORM
STORM-3223,11,STORM
STORM-3221,34,STORM
STORM-3220,34,STORM
STORM-994,3,STORM
STORM-1538,17,STORM
STORM-395,8,STORM
STORM-643,6,STORM
STORM-649,5,STORM
STORM-648,11,STORM
STORM-1170,0,STORM
STORM-244,6,STORM
STORM-248,11,STORM
STORM-366,8,STORM
STORM-1073,15,STORM
STORM-3091,25,STORM
STORM-3092,34,STORM
STORM-3079,16,STORM
STORM-3098,34,STORM
STORM-1620,17,STORM
STORM-1625,17,STORM
STORM-2074,2,STORM
STORM-2275,16,STORM
STORM-809,6,STORM
STORM-808,6,STORM
STORM-2271,5,STORM
STORM-415,8,STORM
STORM-965,10,STORM
STORM-800,12,STORM
STORM-3072,8,STORM
STORM-3170,16,STORM
STORM-2885,7,STORM
STORM-3073,16,STORM
STORM-2079,10,STORM
STORM-1219,17,STORM
STORM-3070,29,STORM
STORM-3075,27,STORM
STORM-87,8,STORM
STORM-2479,25,STORM
STORM-2478,7,STORM
STORM-2475,6,STORM
STORM-2476,25,STORM
STORM-563,12,STORM
STORM-2193,5,STORM
STORM-1920,20,STORM
STORM-2196,5,STORM
STORM-3236,10,STORM
STORM-2194,2,STORM
STORM-737,4,STORM
STORM-2022,3,STORM
STORM-1928,11,STORM
STORM-1521,3,STORM
STORM-1481,17,STORM
STORM-2758,2,STORM
STORM-2020,3,STORM
STORM-2208,1,STORM
STORM-2757,10,STORM
STORM-2750,28,STORM
STORM-2751,10,STORM
STORM-1363,3,STORM
STORM-2815,10,STORM
STORM-2814,2,STORM
STORM-2811,2,STORM
STORM-1954,20,STORM
STORM-1486,17,STORM
STORM-3018,31,STORM
STORM-1087,15,STORM
STORM-2109,23,STORM
STORM-2101,14,STORM
STORM-2100,23,STORM
STORM-2293,1,STORM
STORM-2546,2,STORM
STORM-2295,2,STORM
STORM-2868,2,STORM
STORM-2863,7,STORM
STORM-566,0,STORM
STORM-1030,17,STORM
STORM-477,6,STORM
STORM-565,2,STORM
STORM-328,3,STORM
STORM-3218,34,STORM
STORM-3215,27,STORM
STORM-2407,24,STORM
STORM-513,10,STORM
STORM-512,0,STORM
STORM-511,9,STORM
STORM-695,5,STORM
STORM-3135,27,STORM
STORM-2409,6,STORM
STORM-693,11,STORM
STORM-2965,31,STORM
STORM-3035,8,STORM
STORM-3084,34,STORM
STORM-2969,0,STORM
STORM-2197,23,STORM
STORM-196,5,STORM
STORM-194,5,STORM
STORM-2532,13,STORM
STORM-2535,13,STORM
STORM-357,7,STORM
STORM-1713,7,STORM
STORM-608,6,STORM
STORM-2198,5,STORM
STORM-1842,1,STORM
STORM-1844,7,STORM
STORM-2245,5,STORM
STORM-2716,4,STORM
STORM-2321,4,STORM
STORM-636,2,STORM
STORM-3148,34,STORM
STORM-583,0,STORM
STORM-2325,21,STORM
STORM-585,11,STORM
STORM-586,11,STORM
STORM-3143,8,STORM
STORM-3141,16,STORM
STORM-2087,1,STORM
STORM-2910,2,STORM
STORM-2911,3,STORM
STORM-1884,2,STORM
STORM-2918,0,STORM
STORM-2503,13,STORM
STORM-456,11,STORM
STORM-747,12,STORM
STORM-1882,1,STORM
STORM-2144,4,STORM
STORM-2142,21,STORM
STORM-2666,9,STORM
STORM-2660,1,STORM
STORM-1432,5,STORM
STORM-2988,0,STORM
STORM-2827,2,STORM
STORM-2820,1,STORM
STORM-2983,31,STORM
STORM-2987,13,STORM
STORM-2986,19,STORM
STORM-3240,10,STORM
STORM-3245,8,STORM
STORM-3244,8,STORM
STORM-3247,18,STORM
STORM-3249,22,STORM
STORM-1504,0,STORM
STORM-2330,5,STORM
STORM-1069,15,STORM
STORM-406,3,STORM
STORM-3087,2,STORM
STORM-2268,5,STORM
STORM-1756,8,STORM
STORM-3082,2,STORM
STORM-427,8,STORM
STORM-873,2,STORM
STORM-422,9,STORM
STORM-2045,0,STORM
STORM-2894,0,STORM
STORM-3102,3,STORM
STORM-2892,0,STORM
STORM-951,6,STORM
STORM-3063,14,STORM
STORM-3065,14,STORM
STORM-2950,7,STORM
STORM-2443,3,STORM
STORM-2445,4,STORM
STORM-555,10,STORM
STORM-2563,18,STORM
STORM-2562,25,STORM
STORM-558,10,STORM
STORM-3169,16,STORM
STORM-2422,24,STORM
STORM-2184,5,STORM
STORM-2189,5,STORM
STORM-2627,7,STORM
STORM-2210,1,STORM
STORM-1370,17,STORM
STORM-3167,16,STORM
STORM-2425,12,STORM
STORM-3161,8,STORM
STORM-538,9,STORM
STORM-2691,3,STORM
STORM-2690,3,STORM
STORM-1987,4,STORM
STORM-2131,23,STORM
STORM-3206,11,STORM
STORM-3110,34,STORM
STORM-2552,7,STORM
STORM-1027,1,STORM
STORM-1499,17,STORM
STORM-1492,9,STORM
STORM-3207,4,STORM
STORM-1558,17,STORM
STORM-3201,16,STORM
STORM-3200,16,STORM
STORM-3203,5,STORM
STORM-2557,8,STORM
STORM-2555,19,STORM
STORM-2558,12,STORM
STORM-2559,7,STORM
STORM-3021,25,STORM
STORM-3020,31,STORM
STORM-3023,13,STORM
STORM-3028,2,STORM
STORM-1111,0,STORM
STORM-1117,15,STORM
STORM-183,7,STORM
STORM-188,12,STORM
STORM-1054,15,STORM
STORM-479,8,STORM
STORM-342,6,STORM
STORM-2525,7,STORM
STORM-1728,1,STORM
STORM-347,8,STORM
STORM-613,6,STORM
STORM-1725,1,STORM
STORM-348,8,STORM
STORM-349,8,STORM
STORM-1872,4,STORM
STORM-2706,0,STORM
STORM-2705,27,STORM
STORM-2700,1,STORM
STORM-3158,4,STORM
STORM-988,8,STORM
STORM-2098,23,STORM
STORM-2095,4,STORM
STORM-2900,2,STORM
STORM-2903,2,STORM
STORM-509,8,STORM
STORM-2795,10,STORM
STORM-2413,7,STORM
STORM-501,8,STORM
STORM-502,8,STORM
STORM-503,9,STORM
STORM-507,8,STORM
STORM-711,7,STORM
STORM-2171,32,STORM
STORM-713,12,STORM
STORM-489,8,STORM
STORM-2516,13,STORM
STORM-2676,15,STORM
STORM-2675,2,STORM
STORM-2674,9,STORM
STORM-480,8,STORM
STORM-482,8,STORM
STORM-485,1,STORM
STORM-1425,1,STORM
STORM-2387,18,STORM
STORM-1344,3,STORM
STORM-1114,18,STORM
STORM-3183,10,STORM
STORM-2834,4,STORM
STORM-2833,9,STORM
STORM-1977,1,STORM
STORM-2511,25,STORM
STORM-763,2,STORM
STORM-3210,27,STORM
STORM-295,0,STORM
STORM-1694,23,STORM
STORM-1517,17,STORM
STORM-1516,17,STORM
STORM-2764,9,STORM
STORM-346,8,STORM
STORM-611,11,STORM
STORM-1924,1,STORM
STORM-1017,15,STORM
STORM-1011,15,STORM
STORM-307,9,STORM
STORM-1764,2,STORM
STORM-2350,5,STORM
STORM-827,0,STORM
STORM-2427,9,STORM
STORM-537,9,STORM
STORM-2357,10,STORM
STORM-539,11,STORM
STORM-829,10,STORM
STORM-2429,0,STORM
STORM-3117,34,STORM
STORM-3116,16,STORM
STORM-3055,6,STORM
STORM-3056,2,STORM
STORM-2941,12,STORM
STORM-2940,2,STORM
STORM-3052,12,STORM
STORM-3053,10,STORM
STORM-1121,16,STORM
STORM-2457,7,STORM
STORM-546,9,STORM
STORM-2454,1,STORM
STORM-2450,0,STORM
STORM-625,11,STORM
STORM-2517,1,STORM
STORM-3184,6,STORM
STORM-548,2,STORM
STORM-620,11,STORM
STORM-3180,16,STORM
STORM-1750,2,STORM
STORM-757,5,STORM
STORM-1946,10,STORM
STORM-2638,7,STORM
STORM-2635,4,STORM
STORM-2226,2,STORM
STORM-2732,10,STORM
STORM-2733,9,STORM
STORM-2738,4,STORM
STORM-3159,8,STORM
STORM-1837,4,STORM
STORM-2120,4,STORM
STORM-1997,4,STORM
STORM-2126,5,STORM
STORM-1995,2,STORM
STORM-130,11,STORM
STORM-1413,1,STORM
STORM-1417,17,STORM
STORM-1418,10,STORM
STORM-1419,12,STORM
STORM-1396,17,STORM
STORM-2845,10,STORM
STORM-2843,16,STORM
STORM-1191,4,STORM
STORM-2190,5,STORM
STORM-3216,5,STORM
STORM-1646,10,STORM
STORM-1642,7,STORM
STORM-3230,10,STORM
STORM-3235,4,STORM
STORM-3237,10,STORM
STORM-3238,10,STORM
STORM-1203,8,STORM
STORM-1485,17,STORM
STORM-3103,2,STORM
STORM-2017,2,STORM
STORM-670,5,STORM
STORM-2042,22,STORM
STORM-675,11,STORM
STORM-2549,2,STORM
STORM-3013,2,STORM
STORM-2400,17,STORM
STORM-2678,15,STORM
STORM-1163,17,STORM
STORM-1160,17,STORM
STORM-1161,17,STORM
STORM-1044,15,STORM
STORM-1730,1,STORM
STORM-1737,15,STORM
STORM-3136,10,STORM
STORM-3109,9,STORM
STORM-2772,28,STORM
STORM-403,8,STORM
STORM-2266,16,STORM
STORM-1532,17,STORM
STORM-2305,21,STORM
STORM-3168,16,STORM
STORM-2067,15,STORM
STORM-3166,16,STORM
STORM-2032,3,STORM
STORM-1221,17,STORM
STORM-1220,17,STORM
STORM-3162,16,STORM
STORM-2934,19,STORM
STORM-2786,22,STORM
STORM-578,11,STORM
STORM-2463,1,STORM
STORM-708,0,STORM
STORM-2607,0,STORM
STORM-2602,18,STORM
STORM-492,9,STORM
STORM-2762,31,STORM
STORM-2765,10,STORM
STORM-497,9,STORM
STORM-2608,7,STORM
STORM-2808,4,STORM
STORM-2803,28,STORM
STORM-2804,28,STORM
STORM-790,3,STORM
STORM-797,5,STORM
STORM-1861,1,STORM
STORM-1864,8,STORM
STORM-2118,23,STORM
STORM-2119,23,STORM
STORM-2110,5,STORM
STORM-2281,5,STORM
THRIFT-2660,1,THRIFT
THRIFT-4193,5,THRIFT
THRIFT-3360,7,THRIFT
THRIFT-169,2,THRIFT
THRIFT-3450,0,THRIFT
THRIFT-3769,2,THRIFT
THRIFT-1090,0,THRIFT
THRIFT-2157,1,THRIFT
THRIFT-1864,0,THRIFT
THRIFT-3345,7,THRIFT
THRIFT-3784,2,THRIFT
THRIFT-2173,0,THRIFT
THRIFT-2491,6,THRIFT
THRIFT-1618,7,THRIFT
THRIFT-3202,7,THRIFT
THRIFT-3301,4,THRIFT
THRIFT-1809,5,THRIFT
THRIFT-1907,0,THRIFT
THRIFT-2122,1,THRIFT
THRIFT-1468,4,THRIFT
THRIFT-1009,0,THRIFT
THRIFT-1655,4,THRIFT
THRIFT-1328,3,THRIFT
THRIFT-3680,8,THRIFT
THRIFT-1658,1,THRIFT
THRIFT-1060,0,THRIFT
THRIFT-1255,2,THRIFT
THRIFT-1612,0,THRIFT
THRIFT-2810,0,THRIFT
THRIFT-3197,2,THRIFT
THRIFT-1101,0,THRIFT
THRIFT-2285,6,THRIFT
THRIFT-1238,2,THRIFT
THRIFT-1365,0,THRIFT
THRIFT-1795,1,THRIFT
THRIFT-3079,0,THRIFT
THRIFT-1211,1,THRIFT
THRIFT-975,0,THRIFT
THRIFT-820,5,THRIFT
THRIFT-863,0,THRIFT
THRIFT-1190,1,THRIFT
THRIFT-2148,0,THRIFT
THRIFT-1050,0,THRIFT
THRIFT-3521,1,THRIFT
THRIFT-1526,3,THRIFT
THRIFT-2773,6,THRIFT
THRIFT-1486,0,THRIFT
THRIFT-970,0,THRIFT
THRIFT-2108,1,THRIFT
THRIFT-3157,0,THRIFT
THRIFT-1015,0,THRIFT
THRIFT-3158,0,THRIFT
THRIFT-2169,1,THRIFT
THRIFT-1529,0,THRIFT
THRIFT-1641,0,THRIFT
THRIFT-1643,1,THRIFT
THRIFT-2849,0,THRIFT
THRIFT-2210,6,THRIFT
THRIFT-1133,1,THRIFT
THRIFT-1523,1,THRIFT
THRIFT-1131,0,THRIFT
THRIFT-1263,0,THRIFT
THRIFT-1205,2,THRIFT
THRIFT-4548,10,THRIFT
THRIFT-4506,10,THRIFT
THRIFT-3182,0,THRIFT
THRIFT-1420,3,THRIFT
THRIFT-1464,0,THRIFT
THRIFT-1202,2,THRIFT
THRIFT-3435,0,THRIFT
THRIFT-1429,1,THRIFT
THRIFT-4546,9,THRIFT
TOMEE-878,1,TOMEE
TOMEE-972,1,TOMEE
TOMEE-986,1,TOMEE
TOMEE-1902,4,TOMEE
TOMEE-1348,6,TOMEE
TOMEE-798,0,TOMEE
TOMEE-980,1,TOMEE
TOMEE-1330,5,TOMEE
TOMEE-1248,1,TOMEE
TOMEE-1334,5,TOMEE
TOMEE-1059,1,TOMEE
TOMEE-1429,6,TOMEE
TOMEE-885,1,TOMEE
TOMEE-2049,10,TOMEE
TOMEE-1862,13,TOMEE
TOMEE-1039,1,TOMEE
TOMEE-1014,1,TOMEE
TOMEE-2233,0,TOMEE
TOMEE-888,1,TOMEE
TOMEE-2063,0,TOMEE
TOMEE-1549,4,TOMEE
TOMEE-1030,1,TOMEE
TOMEE-1907,6,TOMEE
TOMEE-2448,6,TOMEE
TOMEE-917,1,TOMEE
TOMEE-2446,20,TOMEE
TOMEE-1817,0,TOMEE
TOMEE-1811,11,TOMEE
TOMEE-1719,5,TOMEE
TOMEE-1138,0,TOMEE
TOMEE-1832,12,TOMEE
TOMEE-1260,4,TOMEE
TOMEE-1933,13,TOMEE
TOMEE-906,1,TOMEE
TOMEE-930,1,TOMEE
TOMEE-1778,5,TOMEE
TOMEE-1764,8,TOMEE
TOMEE-909,1,TOMEE
TOMEE-908,1,TOMEE
TOMEE-838,0,TOMEE
TOMEE-1325,3,TOMEE
TOMEE-1438,3,TOMEE
TOMEE-2253,1,TOMEE
TOMEE-1139,2,TOMEE
TOMEE-1871,13,TOMEE
TOMEE-1329,4,TOMEE
TOMEE-1857,13,TOMEE
TOMEE-1205,0,TOMEE
TOMEE-2018,14,TOMEE
TOMEE-1207,0,TOMEE
TOMEE-1200,4,TOMEE
TOMEE-1879,4,TOMEE
TOMEE-1203,4,TOMEE
TOMEE-760,0,TOMEE
TOMEE-1663,5,TOMEE
TOMEE-2085,15,TOMEE
TOMEE-1208,4,TOMEE
TOMEE-1632,8,TOMEE
TOMEE-1125,2,TOMEE
TOMEE-1124,2,TOMEE
TOMEE-1048,1,TOMEE
TOMEE-1686,4,TOMEE
TOMEE-1535,2,TOMEE
TOMEE-1828,3,TOMEE
TOMEE-1829,9,TOMEE
TOMEE-1941,6,TOMEE
TOMEE-1940,1,TOMEE
TOMEE-1046,1,TOMEE
TOMEE-1946,13,TOMEE
TOMEE-1044,1,TOMEE
TOMEE-1045,1,TOMEE
TOMEE-840,1,TOMEE
TOMEE-915,1,TOMEE
TOMEE-1844,12,TOMEE
TOMEE-1845,12,TOMEE
TOMEE-1594,8,TOMEE
TOMEE-1590,3,TOMEE
TOMEE-919,1,TOMEE
TOMEE-1219,4,TOMEE
TOMEE-1580,7,TOMEE
TOMEE-1198,4,TOMEE
TOMEE-1199,4,TOMEE
TOMEE-1571,7,TOMEE
TOMEE-1216,1,TOMEE
TOMEE-1215,0,TOMEE
TOMEE-2007,12,TOMEE
TOMEE-1352,4,TOMEE
TOMEE-1119,2,TOMEE
TOMEE-1351,6,TOMEE
TOMEE-989,1,TOMEE
TOMEE-988,1,TOMEE
TOMEE-1449,6,TOMEE
TOMEE-1608,8,TOMEE
TOMEE-1179,2,TOMEE
TOMEE-1112,2,TOMEE
TOMEE-771,0,TOMEE
TOMEE-2020,0,TOMEE
TOMEE-983,1,TOMEE
TOMEE-1521,7,TOMEE
TOMEE-2071,0,TOMEE
TOMEE-1296,0,TOMEE
TOMEE-1900,13,TOMEE
TOMEE-1528,7,TOMEE
TOMEE-1053,1,TOMEE
TOMEE-1935,13,TOMEE
TOMEE-1054,1,TOMEE
TOMEE-1057,1,TOMEE
TOMEE-1913,13,TOMEE
TOMEE-1851,13,TOMEE
TOMEE-841,1,TOMEE
TOMEE-842,1,TOMEE
TOMEE-1852,10,TOMEE
TOMEE-1585,7,TOMEE
TOMEE-1546,6,TOMEE
TOMEE-1589,7,TOMEE
TOMEE-1001,1,TOMEE
TOMEE-1545,6,TOMEE
TOMEE-1183,3,TOMEE
TOMEE-1043,0,TOMEE
TOMEE-1266,1,TOMEE
TOMEE-2012,0,TOMEE
TOMEE-1615,8,TOMEE
TOMEE-998,1,TOMEE
TOMEE-999,1,TOMEE
TOMEE-747,0,TOMEE
TOMEE-997,1,TOMEE
TOMEE-994,1,TOMEE
TOMEE-995,1,TOMEE
TOMEE-992,1,TOMEE
TOMEE-993,1,TOMEE
TOMEE-1101,2,TOMEE
TOMEE-1281,3,TOMEE
TOMEE-2249,1,TOMEE
TOMEE-1503,7,TOMEE
TOMEE-1928,1,TOMEE
TOMEE-1742,3,TOMEE
TOMEE-1065,1,TOMEE
TOMEE-1066,15,TOMEE
TOMEE-1009,1,TOMEE
TOMEE-1060,1,TOMEE
TOMEE-1748,9,TOMEE
TOMEE-1922,13,TOMEE
TOMEE-1903,13,TOMEE
TOMEE-2040,15,TOMEE
TOMEE-833,0,TOMEE
TOMEE-832,0,TOMEE
TOMEE-2047,7,TOMEE
TOMEE-839,0,TOMEE
TOMEE-1982,14,TOMEE
TOMEE-889,1,TOMEE
TOMEE-1841,12,TOMEE
TOMEE-1621,3,TOMEE
TOMEE-750,0,TOMEE
TOMEE-1509,1,TOMEE
TOMEE-886,1,TOMEE
TOMEE-756,0,TOMEE
TOMEE-1467,6,TOMEE
TOMEE-1468,6,TOMEE
TOMEE-1502,0,TOMEE
TOMEE-1772,11,TOMEE
TOMEE-911,1,TOMEE
TOMEE-1507,7,TOMEE
TOMEE-1071,1,TOMEE
TOMEE-1505,0,TOMEE
TOMEE-1777,9,TOMEE
TOMEE-1073,1,TOMEE
TOMEE-1911,1,TOMEE
TOMEE-929,1,TOMEE
TOMEE-2167,17,TOMEE
TOMEE-1076,2,TOMEE
TOMEE-1075,2,TOMEE
TOMEE-1172,0,TOMEE
TOMEE-921,1,TOMEE
TOMEE-1669,8,TOMEE
TOMEE-926,1,TOMEE
TOMEE-1972,11,TOMEE
TOMEE-948,1,TOMEE
TOMEE-1975,12,TOMEE
TOMEE-940,1,TOMEE
TOMEE-943,1,TOMEE
TOMEE-945,0,TOMEE
TOMEE-1016,1,TOMEE
TOMEE-2087,15,TOMEE
TOMEE-1658,8,TOMEE
TOMEE-1244,2,TOMEE
TOMEE-1497,0,TOMEE
TOMEE-1888,13,TOMEE
TOMEE-2330,1,TOMEE
TOMEE-1086,2,TOMEE
TOMEE-1226,4,TOMEE
TOMEE-1084,0,TOMEE
TOMEE-1085,2,TOMEE
TOMEE-1079,0,TOMEE
TOMEE-1364,0,TOMEE
TOMEE-1218,0,TOMEE
TOMEE-1576,7,TOMEE
TOMEE-2172,17,TOMEE
TOMEE-1765,6,TOMEE
TOMEE-2174,17,TOMEE
TOMEE-1169,2,TOMEE
TOMEE-996,1,TOMEE
TOMEE-1004,1,TOMEE
TOMEE-1672,8,TOMEE
TOMEE-1002,1,TOMEE
TOMEE-2077,15,TOMEE
TOMEE-2019,10,TOMEE
TOMEE-936,1,TOMEE
TOMEE-1162,2,TOMEE
TOMEE-1165,1,TOMEE
TOMEE-931,1,TOMEE
TOMEE-1007,0,TOMEE
TOMEE-1960,0,TOMEE
TOMEE-744,0,TOMEE
TOMEE-1967,11,TOMEE
TOMEE-953,1,TOMEE
TOMEE-951,1,TOMEE
TOMEE-1495,0,TOMEE
TOMEE-954,1,TOMEE
TOMEE-1257,4,TOMEE
TOMEE-1083,0,TOMEE
TOMEE-1254,4,TOMEE
TOMEE-1099,2,TOMEE
TOMEE-1881,13,TOMEE
TOMEE-1094,2,TOMEE
TOMEE-1452,6,TOMEE
TOMEE-1093,2,TOMEE
TOMEE-1143,2,TOMEE
TOMEE-1569,7,TOMEE
TOMEE-1568,7,TOMEE
TOMEE-1566,7,TOMEE
TOMEE-2102,15,TOMEE
TOMEE-964,0,TOMEE
TOMEE-1023,1,TOMEE
TOMEE-1645,8,TOMEE
TOMEE-1718,0,TOMEE
TOMEE-1878,13,TOMEE
TOMEE-1011,1,TOMEE
TOMEE-743,0,TOMEE
TOMEE-1357,4,TOMEE
TOMEE-1713,9,TOMEE
TOMEE-1711,6,TOMEE
TOMEE-1019,1,TOMEE
TOMEE-1511,7,TOMEE
TOMEE-783,0,TOMEE
TOMEE-1951,13,TOMEE
TOMEE-969,1,TOMEE
TOMEE-968,1,TOMEE
TOMEE-773,0,TOMEE
TOMEE-789,0,TOMEE
TOMEE-1382,4,TOMEE
TOMEE-1623,8,TOMEE
TOMEE-1894,5,TOMEE
TOMEE-1897,2,TOMEE
TOMEE-893,0,TOMEE
TOMEE-1796,2,TOMEE
TOMEE-1839,5,TOMEE
TOMEE-1028,1,TOMEE
TOMEE-1223,4,TOMEE
TOMEE-1,4,TOMEE
TOMEE-1553,7,TOMEE
TOMEE-1785,6,TOMEE
TOMEE-1787,2,TOMEE
TOMEE-894,1,TOMEE
TOMEE-1020,1,TOMEE
TOMEE-2245,19,TOMEE
TOMEE-1229,1,TOMEE
TOMEE-1026,1,TOMEE
TOMEE-956,1,TOMEE
TOMEE-1385,6,TOMEE
TOMEE-1110,2,TOMEE
TOMEE-1381,6,TOMEE
TOMEE-1414,0,TOMEE
TOMEE-2053,15,TOMEE
TOMEE-1135,2,TOMEE
TOMEE-1805,11,TOMEE
TOMEE-1389,6,TOMEE
TOMEE-1358,3,TOMEE
WHIRR-642,0,WHIRR
WHIRR-707,4,WHIRR
WHIRR-641,3,WHIRR
WHIRR-352,0,WHIRR
WHIRR-376,0,WHIRR
WHIRR-447,0,WHIRR
WHIRR-394,0,WHIRR
WHIRR-397,0,WHIRR
WHIRR-611,2,WHIRR
WHIRR-599,1,WHIRR
WHIRR-679,4,WHIRR
WHIRR-414,0,WHIRR
WHIRR-437,0,WHIRR
WHIRR-459,0,WHIRR
WHIRR-511,2,WHIRR
WHIRR-473,0,WHIRR
WHIRR-584,0,WHIRR
WHIRR-604,2,WHIRR
WHIRR-602,2,WHIRR
WHIRR-582,2,WHIRR
ZEPPELIN-3555,7,ZEPPELIN
ZEPPELIN-581,0,ZEPPELIN
ZEPPELIN-3928,11,ZEPPELIN
ZEPPELIN-992,2,ZEPPELIN
ZEPPELIN-2999,5,ZEPPELIN
ZEPPELIN-2970,5,ZEPPELIN
ZEPPELIN-1130,0,ZEPPELIN
ZEPPELIN-1128,0,ZEPPELIN
ZEPPELIN-3090,9,ZEPPELIN
ZEPPELIN-1125,0,ZEPPELIN
ZEPPELIN-3080,1,ZEPPELIN
ZEPPELIN-1121,1,ZEPPELIN
ZEPPELIN-3309,2,ZEPPELIN
ZEPPELIN-2075,6,ZEPPELIN
ZEPPELIN-1287,0,ZEPPELIN
ZEPPELIN-1042,0,ZEPPELIN
ZEPPELIN-2014,0,ZEPPELIN
ZEPPELIN-3475,6,ZEPPELIN
ZEPPELIN-1961,3,ZEPPELIN
ZEPPELIN-3265,0,ZEPPELIN
ZEPPELIN-1136,1,ZEPPELIN
ZEPPELIN-1965,1,ZEPPELIN
ZEPPELIN-1880,1,ZEPPELIN
ZEPPELIN-2555,2,ZEPPELIN
ZEPPELIN-2554,4,ZEPPELIN
ZEPPELIN-3520,1,ZEPPELIN
ZEPPELIN-748,0,ZEPPELIN
ZEPPELIN-1102,1,ZEPPELIN
ZEPPELIN-335,0,ZEPPELIN
ZEPPELIN-2900,5,ZEPPELIN
ZEPPELIN-536,1,ZEPPELIN
ZEPPELIN-534,1,ZEPPELIN
ZEPPELIN-535,1,ZEPPELIN
ZEPPELIN-3099,2,ZEPPELIN
ZEPPELIN-828,0,ZEPPELIN
ZEPPELIN-2149,6,ZEPPELIN
ZEPPELIN-905,2,ZEPPELIN
ZEPPELIN-3312,8,ZEPPELIN
ZEPPELIN-1509,0,ZEPPELIN
ZEPPELIN-2150,0,ZEPPELIN
ZEPPELIN-1501,5,ZEPPELIN
ZEPPELIN-3255,9,ZEPPELIN
ZEPPELIN-3656,0,ZEPPELIN
ZEPPELIN-101,0,ZEPPELIN
ZEPPELIN-1991,0,ZEPPELIN
ZEPPELIN-1225,0,ZEPPELIN
ZEPPELIN-1228,3,ZEPPELIN
ZEPPELIN-3539,4,ZEPPELIN
ZEPPELIN-3738,1,ZEPPELIN
ZEPPELIN-1500,3,ZEPPELIN
ZEPPELIN-1883,5,ZEPPELIN
ZEPPELIN-1094,3,ZEPPELIN
ZEPPELIN-1459,0,ZEPPELIN
ZEPPELIN-1908,2,ZEPPELIN
ZEPPELIN-2281,1,ZEPPELIN
ZEPPELIN-3039,5,ZEPPELIN
ZEPPELIN-1974,1,ZEPPELIN
ZEPPELIN-1144,0,ZEPPELIN
ZEPPELIN-3034,3,ZEPPELIN
ZEPPELIN-3240,0,ZEPPELIN
ZEPPELIN-1907,8,ZEPPELIN
ZEPPELIN-1906,2,ZEPPELIN
ZEPPELIN-2730,5,ZEPPELIN
ZEPPELIN-3707,0,ZEPPELIN
ZEPPELIN-1869,3,ZEPPELIN
ZEPPELIN-3741,0,ZEPPELIN
ZEPPELIN-1776,2,ZEPPELIN
ZEPPELIN-1212,0,ZEPPELIN
ZEPPELIN-1090,0,ZEPPELIN
ZEPPELIN-3749,0,ZEPPELIN
ZEPPELIN-3625,0,ZEPPELIN
ZEPPELIN-2515,2,ZEPPELIN
ZEPPELIN-3089,3,ZEPPELIN
ZEPPELIN-3875,1,ZEPPELIN
ZEPPELIN-1015,2,ZEPPELIN
ZEPPELIN-3127,6,ZEPPELIN
ZEPPELIN-729,0,ZEPPELIN
ZEPPELIN-2221,2,ZEPPELIN
ZEPPELIN-3239,0,ZEPPELIN
ZEPPELIN-2684,5,ZEPPELIN
ZEPPELIN-1391,1,ZEPPELIN
ZEPPELIN-802,7,ZEPPELIN
ZEPPELIN-3406,2,ZEPPELIN
ZEPPELIN-2722,5,ZEPPELIN
ZEPPELIN-1851,5,ZEPPELIN
ZEPPELIN-1162,1,ZEPPELIN
ZEPPELIN-2355,1,ZEPPELIN
ZEPPELIN-2357,4,ZEPPELIN
ZEPPELIN-309,0,ZEPPELIN
ZEPPELIN-3618,0,ZEPPELIN
ZEPPELIN-2502,0,ZEPPELIN
ZEPPELIN-2893,1,ZEPPELIN
ZEPPELIN-1365,4,ZEPPELIN
ZEPPELIN-542,1,ZEPPELIN
ZEPPELIN-541,1,ZEPPELIN
ZEPPELIN-1929,3,ZEPPELIN
ZEPPELIN-1240,0,ZEPPELIN
ZEPPELIN-263,0,ZEPPELIN
ZEPPELIN-3190,0,ZEPPELIN
ZEPPELIN-3879,0,ZEPPELIN
ZEPPELIN-496,1,ZEPPELIN
ZEPPELIN-1437,5,ZEPPELIN
ZEPPELIN-1647,2,ZEPPELIN
ZEPPELIN-1921,2,ZEPPELIN
ZEPPELIN-2698,5,ZEPPELIN
ZEPPELIN-797,2,ZEPPELIN
ZEPPELIN-2757,5,ZEPPELIN
ZEPPELIN-1843,0,ZEPPELIN
ZEPPELIN-840,0,ZEPPELIN
ZEPPELIN-3343,9,ZEPPELIN
ZEPPELIN-2197,2,ZEPPELIN
ZEPPELIN-395,1,ZEPPELIN
ZEPPELIN-3014,8,ZEPPELIN
ZEPPELIN-666,2,ZEPPELIN
ZEPPELIN-3818,4,ZEPPELIN
ZEPPELIN-2155,4,ZEPPELIN
ZEPPELIN-705,0,ZEPPELIN
ZEPPELIN-577,0,ZEPPELIN
ZEPPELIN-706,0,ZEPPELIN
ZEPPELIN-3815,8,ZEPPELIN
ZEPPELIN-1767,2,ZEPPELIN
ZEPPELIN-3570,0,ZEPPELIN
ZEPPELIN-1679,2,ZEPPELIN
ZEPPELIN-3506,6,ZEPPELIN
ZEPPELIN-1544,1,ZEPPELIN
ZEPPELIN-792,2,ZEPPELIN
ZEPPELIN-2063,1,ZEPPELIN
ZEPPELIN-3593,0,ZEPPELIN
ZEPPELIN-3655,0,ZEPPELIN
ZEPPELIN-2106,4,ZEPPELIN
ZEPPELIN-946,0,ZEPPELIN
ZEPPELIN-1833,5,ZEPPELIN
ZEPPELIN-1072,0,ZEPPELIN
ZEPPELIN-2062,0,ZEPPELIN
ZEPPELIN-3691,0,ZEPPELIN
ZEPPELIN-2067,3,ZEPPELIN
ZEPPELIN-1420,0,ZEPPELIN
ZEPPELIN-3350,6,ZEPPELIN
ZEPPELIN-473,1,ZEPPELIN
ZEPPELIN-2279,1,ZEPPELIN
ZEPPELIN-2463,0,ZEPPELIN
ZEPPELIN-1910,5,ZEPPELIN
ZEPPELIN-2461,0,ZEPPELIN
ZEPPELIN-671,2,ZEPPELIN
ZEPPELIN-2083,2,ZEPPELIN
ZEPPELIN-2641,1,ZEPPELIN
ZEPPELIN-1267,3,ZEPPELIN
ZEPPELIN-1260,0,ZEPPELIN
ZEPPELIN-2645,8,ZEPPELIN
ZEPPELIN-1263,4,ZEPPELIN
ZEPPELIN-2147,0,ZEPPELIN
ZEPPELIN-204,4,ZEPPELIN
ZEPPELIN-1818,5,ZEPPELIN
ZEPPELIN-1665,5,ZEPPELIN
ZEPPELIN-2833,3,ZEPPELIN
ZEPPELIN-1417,0,ZEPPELIN
ZEPPELIN-1104,0,ZEPPELIN
ZEPPELIN-1107,0,ZEPPELIN
ZEPPELIN-1108,2,ZEPPELIN
ZEPPELIN-3686,1,ZEPPELIN
ZEPPELIN-2367,3,ZEPPELIN
ZEPPELIN-1941,1,ZEPPELIN
ZEPPELIN-3177,3,ZEPPELIN
ZEPPELIN-421,1,ZEPPELIN
ZEPPELIN-2471,7,ZEPPELIN
ZEPPELIN-2473,0,ZEPPELIN
ZEPPELIN-2179,0,ZEPPELIN
ZEPPELIN-1977,0,ZEPPELIN
ZEPPELIN-2650,0,ZEPPELIN
ZEPPELIN-3384,1,ZEPPELIN
ZEPPELIN-2094,0,ZEPPELIN
ZEPPELIN-1100,0,ZEPPELIN
ZEPPELIN-1192,4,ZEPPELIN
ZEPPELIN-3668,0,ZEPPELIN
ZEPPELIN-2796,3,ZEPPELIN
ZEPPELIN-599,0,ZEPPELIN
ZEPPELIN-1697,4,ZEPPELIN
ZEPPELIN-1564,1,ZEPPELIN
ZEPPELIN-1561,3,ZEPPELIN
ZEPPELIN-449,5,ZEPPELIN
ZEPPELIN-510,1,ZEPPELIN
ZEPPELIN-704,2,ZEPPELIN
ZEPPELIN-2009,5,ZEPPELIN
ZEPPELIN-1059,1,ZEPPELIN
ZEPPELIN-1622,1,ZEPPELIN
ZEPPELIN-1615,4,ZEPPELIN
ZEPPELIN-1298,3,ZEPPELIN
ZEPPELIN-1129,3,ZEPPELIN
ZEPPELIN-1612,5,ZEPPELIN
ZEPPELIN-2484,1,ZEPPELIN
ZEPPELIN-1487,3,ZEPPELIN
ZEPPELIN-3271,9,ZEPPELIN
ZEPPELIN-2168,0,ZEPPELIN
ZEPPELIN-3273,0,ZEPPELIN
ZEPPELIN-1483,2,ZEPPELIN
ZEPPELIN-2318,4,ZEPPELIN
ZEPPELIN-1488,1,ZEPPELIN
ZEPPELIN-3278,0,ZEPPELIN
ZEPPELIN-286,0,ZEPPELIN
ZEPPELIN-287,0,ZEPPELIN
ZOOKEEPER-2227,29,ZOOKEEPER
ZOOKEEPER-2375,23,ZOOKEEPER
ZOOKEEPER-3082,1,ZOOKEEPER
ZOOKEEPER-2224,24,ZOOKEEPER
ZOOKEEPER-1270,3,ZOOKEEPER
ZOOKEEPER-2221,3,ZOOKEEPER
ZOOKEEPER-1294,9,ZOOKEEPER
ZOOKEEPER-1352,3,ZOOKEEPER
ZOOKEEPER-1351,3,ZOOKEEPER
ZOOKEEPER-3127,0,ZOOKEEPER
ZOOKEEPER-2786,40,ZOOKEEPER
ZOOKEEPER-2039,1,ZOOKEEPER
ZOOKEEPER-3009,0,ZOOKEEPER
ZOOKEEPER-1667,3,ZOOKEEPER
ZOOKEEPER-3001,1,ZOOKEEPER
ZOOKEEPER-2847,4,ZOOKEEPER
ZOOKEEPER-2845,0,ZOOKEEPER
ZOOKEEPER-1214,22,ZOOKEEPER
ZOOKEEPER-1052,2,ZOOKEEPER
ZOOKEEPER-1059,2,ZOOKEEPER
ZOOKEEPER-1111,2,ZOOKEEPER
ZOOKEEPER-1513,14,ZOOKEEPER
ZOOKEEPER-2924,0,ZOOKEEPER
ZOOKEEPER-2926,4,ZOOKEEPER
ZOOKEEPER-2737,3,ZOOKEEPER
ZOOKEEPER-2329,28,ZOOKEEPER
ZOOKEEPER-1853,29,ZOOKEEPER
ZOOKEEPER-2325,15,ZOOKEEPER
ZOOKEEPER-2797,19,ZOOKEEPER
ZOOKEEPER-2251,9,ZOOKEEPER
ZOOKEEPER-1340,6,ZOOKEEPER
ZOOKEEPER-1343,3,ZOOKEEPER
ZOOKEEPER-2556,7,ZOOKEEPER
ZOOKEEPER-2380,23,ZOOKEEPER
ZOOKEEPER-1344,10,ZOOKEEPER
ZOOKEEPER-2383,3,ZOOKEEPER
ZOOKEEPER-2470,7,ZOOKEEPER
ZOOKEEPER-1673,1,ZOOKEEPER
ZOOKEEPER-913,0,ZOOKEEPER
ZOOKEEPER-1466,14,ZOOKEEPER
ZOOKEEPER-3006,22,ZOOKEEPER
ZOOKEEPER-1580,0,ZOOKEEPER
ZOOKEEPER-1063,2,ZOOKEEPER
ZOOKEEPER-2622,37,ZOOKEEPER
ZOOKEEPER-2931,0,ZOOKEEPER
ZOOKEEPER-1264,0,ZOOKEEPER
ZOOKEEPER-2628,1,ZOOKEEPER
ZOOKEEPER-1864,7,ZOOKEEPER
ZOOKEEPER-2949,0,ZOOKEEPER
ZOOKEEPER-1900,1,ZOOKEEPER
ZOOKEEPER-1807,22,ZOOKEEPER
ZOOKEEPER-1265,0,ZOOKEEPER
ZOOKEEPER-2014,13,ZOOKEEPER
ZOOKEEPER-1371,31,ZOOKEEPER
ZOOKEEPER-2247,11,ZOOKEEPER
ZOOKEEPER-1478,8,ZOOKEEPER
ZOOKEEPER-2249,0,ZOOKEEPER
ZOOKEEPER-1474,14,ZOOKEEPER
ZOOKEEPER-1379,14,ZOOKEEPER
ZOOKEEPER-1471,14,ZOOKEEPER
ZOOKEEPER-3144,0,ZOOKEEPER
ZOOKEEPER-1366,23,ZOOKEEPER
ZOOKEEPER-602,22,ZOOKEEPER
ZOOKEEPER-962,0,ZOOKEEPER
ZOOKEEPER-1277,12,ZOOKEEPER
ZOOKEEPER-1179,14,ZOOKEEPER
ZOOKEEPER-2269,5,ZOOKEEPER
ZOOKEEPER-2822,4,ZOOKEEPER
ZOOKEEPER-2304,31,ZOOKEEPER
ZOOKEEPER-2187,25,ZOOKEEPER
ZOOKEEPER-2301,31,ZOOKEEPER
ZOOKEEPER-2141,11,ZOOKEEPER
ZOOKEEPER-2146,23,ZOOKEEPER
ZOOKEEPER-2366,9,ZOOKEEPER
ZOOKEEPER-1361,11,ZOOKEEPER
ZOOKEEPER-2574,13,ZOOKEEPER
ZOOKEEPER-2573,1,ZOOKEEPER
ZOOKEEPER-2778,4,ZOOKEEPER
ZOOKEEPER-1818,15,ZOOKEEPER
ZOOKEEPER-2579,1,ZOOKEEPER
ZOOKEEPER-1086,2,ZOOKEEPER
ZOOKEEPER-2893,19,ZOOKEEPER
ZOOKEEPER-1898,14,ZOOKEEPER
ZOOKEEPER-1514,16,ZOOKEEPER
ZOOKEEPER-2261,21,ZOOKEEPER
ZOOKEEPER-1089,2,ZOOKEEPER
ZOOKEEPER-2818,40,ZOOKEEPER
ZOOKEEPER-2819,16,ZOOKEEPER
ZOOKEEPER-2953,0,ZOOKEEPER
ZOOKEEPER-1870,0,ZOOKEEPER
ZOOKEEPER-2959,2,ZOOKEEPER
ZOOKEEPER-1354,11,ZOOKEEPER
ZOOKEEPER-1489,14,ZOOKEEPER
ZOOKEEPER-731,2,ZOOKEEPER
ZOOKEEPER-985,0,ZOOKEEPER
ZOOKEEPER-3072,21,ZOOKEEPER
ZOOKEEPER-2642,1,ZOOKEEPER
ZOOKEEPER-1208,1,ZOOKEEPER
ZOOKEEPER-2405,3,ZOOKEEPER
ZOOKEEPER-1560,0,ZOOKEEPER
ZOOKEEPER-1419,11,ZOOKEEPER
ZOOKEEPER-1823,1,ZOOKEEPER
ZOOKEEPER-3218,45,ZOOKEEPER
ZOOKEEPER-2467,7,ZOOKEEPER
ZOOKEEPER-1412,12,ZOOKEEPER
ZOOKEEPER-1697,8,ZOOKEEPER
ZOOKEEPER-3041,3,ZOOKEEPER
ZOOKEEPER-3042,4,ZOOKEEPER
ZOOKEEPER-1551,8,ZOOKEEPER
ZOOKEEPER-3165,45,ZOOKEEPER
ZOOKEEPER-786,2,ZOOKEEPER
ZOOKEEPER-1628,20,ZOOKEEPER
ZOOKEEPER-1629,20,ZOOKEEPER
ZOOKEEPER-2964,0,ZOOKEEPER
ZOOKEEPER-2245,4,ZOOKEEPER
ZOOKEEPER-1622,14,ZOOKEEPER
ZOOKEEPER-2961,0,ZOOKEEPER
ZOOKEEPER-2244,5,ZOOKEEPER
ZOOKEEPER-1256,35,ZOOKEEPER
ZOOKEEPER-2804,40,ZOOKEEPER
ZOOKEEPER-1495,10,ZOOKEEPER
ZOOKEEPER-2687,1,ZOOKEEPER
ZOOKEEPER-1496,16,ZOOKEEPER
ZOOKEEPER-1392,36,ZOOKEEPER
ZOOKEEPER-706,26,ZOOKEEPER
ZOOKEEPER-2808,19,ZOOKEEPER
ZOOKEEPER-2852,19,ZOOKEEPER
ZOOKEEPER-2678,1,ZOOKEEPER
ZOOKEEPER-1939,22,ZOOKEEPER
ZOOKEEPER-1797,1,ZOOKEEPER
ZOOKEEPER-2279,5,ZOOKEEPER
ZOOKEEPER-2693,31,ZOOKEEPER
ZOOKEEPER-3059,1,ZOOKEEPER
ZOOKEEPER-1427,11,ZOOKEEPER
ZOOKEEPER-1932,16,ZOOKEEPER
ZOOKEEPER-2517,1,ZOOKEEPER
ZOOKEEPER-2213,5,ZOOKEEPER
ZOOKEEPER-2211,7,ZOOKEEPER
ZOOKEEPER-3113,0,ZOOKEEPER
ZOOKEEPER-1307,13,ZOOKEEPER
ZOOKEEPER-3117,22,ZOOKEEPER
ZOOKEEPER-2186,2,ZOOKEEPER
ZOOKEEPER-2184,23,ZOOKEEPER
ZOOKEEPER-1222,19,ZOOKEEPER
ZOOKEEPER-1220,3,ZOOKEEPER
ZOOKEEPER-1388,14,ZOOKEEPER
ZOOKEEPER-2743,4,ZOOKEEPER
ZOOKEEPER-1387,10,ZOOKEEPER
ZOOKEEPER-2581,16,ZOOKEEPER
ZOOKEEPER-2172,13,ZOOKEEPER
ZOOKEEPER-2171,24,ZOOKEEPER
ZOOKEEPER-1333,1,ZOOKEEPER
ZOOKEEPER-1058,2,ZOOKEEPER
ZOOKEEPER-2174,24,ZOOKEEPER
ZOOKEEPER-2072,23,ZOOKEEPER
ZOOKEEPER-1782,19,ZOOKEEPER
ZOOKEEPER-2074,11,ZOOKEEPER
ZOOKEEPER-2264,5,ZOOKEEPER
ZOOKEEPER-2680,7,ZOOKEEPER
ZOOKEEPER-2683,1,ZOOKEEPER
ZOOKEEPER-1926,22,ZOOKEEPER
ZOOKEEPER-1437,16,ZOOKEEPER
ZOOKEEPER-2442,3,ZOOKEEPER
ZOOKEEPER-961,2,ZOOKEEPER
ZOOKEEPER-2684,7,ZOOKEEPER
ZOOKEEPER-3125,45,ZOOKEEPER
ZOOKEEPER-2201,3,ZOOKEEPER
ZOOKEEPER-1535,20,ZOOKEEPER
ZOOKEEPER-2195,11,ZOOKEEPER
ZOOKEEPER-2026,1,ZOOKEEPER
ZOOKEEPER-3104,0,ZOOKEEPER
ZOOKEEPER-1338,6,ZOOKEEPER
ZOOKEEPER-2853,40,ZOOKEEPER
ZOOKEEPER-2190,3,ZOOKEEPER
ZOOKEEPER-2988,2,ZOOKEEPER
ZOOKEEPER-882,0,ZOOKEEPER
ZOOKEEPER-1236,11,ZOOKEEPER
ZOOKEEPER-1136,2,ZOOKEEPER
ZOOKEEPER-1238,17,ZOOKEEPER
ZOOKEEPER-2901,2,ZOOKEEPER
ZOOKEEPER-2297,9,ZOOKEEPER
ZOOKEEPER-2295,28,ZOOKEEPER
ZOOKEEPER-1578,8,ZOOKEEPER
ZOOKEEPER-335,2,ZOOKEEPER
ZOOKEEPER-2060,1,ZOOKEEPER
ZOOKEEPER-2062,0,ZOOKEEPER
ZOOKEEPER-2064,23,ZOOKEEPER
ZOOKEEPER-2299,6,ZOOKEEPER
ZOOKEEPER-1910,1,ZOOKEEPER
ZOOKEEPER-2239,6,ZOOKEEPER
ZOOKEEPER-973,9,ZOOKEEPER
ZOOKEEPER-975,2,ZOOKEEPER
ZOOKEEPER-1521,14,ZOOKEEPER
ZOOKEEPER-2029,1,ZOOKEEPER
ZOOKEEPER-1522,12,ZOOKEEPER
ZOOKEEPER-3131,4,ZOOKEEPER
ZOOKEEPER-2193,2,ZOOKEEPER
ZOOKEEPER-2539,7,ZOOKEEPER
ZOOKEEPER-3038,2,ZOOKEEPER
ZOOKEEPER-1990,21,ZOOKEEPER
ZOOKEEPER-1540,2,ZOOKEEPER
ZOOKEEPER-1753,17,ZOOKEEPER
ZOOKEEPER-1751,5,ZOOKEEPER
ZOOKEEPER-1573,8,ZOOKEEPER
ZOOKEEPER-1460,17,ZOOKEEPER
ZOOKEEPER-1046,2,ZOOKEEPER
ZOOKEEPER-1358,8,ZOOKEEPER
ZOOKEEPER-2914,40,ZOOKEEPER
ZOOKEEPER-1049,2,ZOOKEEPER
ZOOKEEPER-2606,34,ZOOKEEPER
ZOOKEEPER-2726,0,ZOOKEEPER
ZOOKEEPER-2725,2,ZOOKEEPER
ZOOKEEPER-2722,40,ZOOKEEPER
ZOOKEEPER-2052,1,ZOOKEEPER
ZOOKEEPER-2252,8,ZOOKEEPER
ZOOKEEPER-1843,22,ZOOKEEPER
ZOOKEEPER-2355,40,ZOOKEEPER
ZOOKEEPER-2806,0,ZOOKEEPER
ZOOKEEPER-1465,14,ZOOKEEPER
